,Date,Title,Url,NewsPaper
0,2022.12.29.,행주산성 등 경기지역 10곳서 해맞이 행사 다채롭게 열려,https://www.khan.co.kr/local/Gyeonggi/article/202212291428001,경향신문
1,2022.12.24.,반갑다 동장군!···빙어낚시·눈썰매 즐기러 여기 가볼까[주말엔],https://www.khan.co.kr/life/life-general/article/202212241157001,경향신문
2,2022.12.20.,[신주백의 사연史淵] 군사유산으로서 일본군 시설의 역사성과 장소성,https://www.khan.co.kr/opinion/column/article/202212200300045,경향신문
3,2022.12.19.,인권 등 숱한 논란 뒤로하고…‘야심’ 키우는 카타르,https://www.khan.co.kr/sports/worldcup/article/202212192147015,경향신문
4,2022.12.15.,한국관광 100선에 수원화성 등 경기 11개 관광지 선정,https://www.khan.co.kr/culture/culture-general/article/202212151123001,경향신문
5,2022.12.09.,"이재명 강제수사 초읽기…검찰 “정진상, 측근 영향력 이용”",https://www.khan.co.kr/national/court-law/article/202212092111015,경향신문
6,2022.12.09.,"대장동 수사 이재명만 남았다···검찰 “정진상, 측근 지위 이용”",https://www.khan.co.kr/national/court-law/article/202212091806001,경향신문
7,2022.12.09.,"검찰, ‘대장동 비리’ 정진상 구속 기소…이재명에 ‘정치적 동지’ 표현",https://www.khan.co.kr/national/court-law/article/202212091323001,경향신문
8,2022.11.24.,철도노조 ‘준법투쟁’ 시작…1·3·4호선 전철 지연운행 퇴근길 ‘혼잡’,https://www.khan.co.kr/economy/economy-general/article/202211241632001,경향신문
9,2022.11.23.,"경기도, 포천시 도시기본계획 승인… 2035년 시인구 20만5000명",https://www.khan.co.kr/local/Gyeonggi/article/202211230915001,경향신문
10,2022.12.12.,"BTS ‘맏형’ 진 13일 입대…군, 인파 우려 “구급차 대기·상황실 운영”",https://news.kmib.co.kr/article/view.asp?arcid=0017761155&code=61111111&cp=nv,국민일보
11,2022.12.09.,“배고픈 이에게 밥과 희망을”… 독거 어르신 쉼터 역할도,https://news.kmib.co.kr/article/view.asp?arcid=0924276927&code=23111111&cp=nv,국민일보
12,2022.12.08.,‘브랜드로 여는 변화의 기회’…17일 경기도 브랜드 포럼,https://news.kmib.co.kr/article/view.asp?arcid=0017749916&code=61121111&cp=nv,국민일보
13,2022.12.07.,‘반짝반짝’ 화려한 불빛 어우러진 낭만 여행,https://news.kmib.co.kr/article/view.asp?arcid=0924276816&code=14170000&cp=nv,국민일보
14,2022.12.07.,"파주시, 상습정체구간 개선 등 도로정비 평가 ‘우수’",https://news.kmib.co.kr/article/view.asp?arcid=0017747357&code=61121111&cp=nv,국민일보
15,2022.12.02.,채이배 경기도일자리재단 대표 “서로에게 따스한 손 되었으면”,https://news.kmib.co.kr/article/view.asp?arcid=0017734410&code=61121111&cp=nv,국민일보
16,2022.12.02.,김병수 김포시장 “김포시 지속 성장 이뤄낼 것”,https://news.kmib.co.kr/article/view.asp?arcid=0017733914&code=61121111&cp=nv,국민일보
17,2022.12.02.,파주시 올해 제3회 추가경정예산 2조1400억원 편성,https://news.kmib.co.kr/article/view.asp?arcid=0017732623&code=61121111&cp=nv,국민일보
18,2022.12.02.,민경선 경기교통공사 사장 등 경기도 산하 기관장 임명,https://news.kmib.co.kr/article/view.asp?arcid=0017732597&code=61121111&cp=nv,국민일보
19,2022.12.01.,고양시 ‘특례시 1호’ 글로벌 기업 유치…“명품 자족도시 도약”,https://news.kmib.co.kr/article/view.asp?arcid=0017728051&code=61121111&cp=nv,국민일보
20,2022.11.29.,우수영·초양도·명상정원… 2023년도 열린관광지 20곳,https://news.kmib.co.kr/article/view.asp?arcid=0017719423&code=61172311&cp=nv,국민일보
21,2022.11.28.,[뉴스룸에서] 진격의 오일 머니,https://news.kmib.co.kr/article/view.asp?arcid=0924275239&code=11171222&cp=nv,국민일보
22,2022.11.25.,"BTS 맏형 진, 내달 13일 전방 사단 신병교육대로 입대",https://news.kmib.co.kr/article/view.asp?arcid=0924274899&code=13180000&cp=nv,국민일보
23,2022.11.24.,"BTS 진, 12월 13일 신병교육대 입대…최전방 간다",https://news.kmib.co.kr/article/view.asp?arcid=0017705808&code=61171811&cp=nv,국민일보
24,2022.11.21.,"경기도·경기도의회, 인사청문회 20곳으로 확대 전격 합의",https://news.kmib.co.kr/article/view.asp?arcid=0017695241&code=61121111&cp=nv,국민일보
25,2022.11.21.,"평택시, 내년 예산 2조2500억대…정장선 시장 “지역경제 활성화”",https://news.kmib.co.kr/article/view.asp?arcid=0017694368&code=61121111&cp=nv,국민일보
26,2022.11.16.,국내 최대 콩 축제 ‘파주 장단콩 축제’ 25일 개최,https://news.kmib.co.kr/article/view.asp?arcid=0017679812&code=61121111&cp=nv,국민일보
27,2022.11.16.,‘불쌍해’ VS ‘웬수여’ 섬냥이 폭증에 갈라선 주민들 [이슈&탐사],https://news.kmib.co.kr/article/view.asp?arcid=0924273292&code=11131100&cp=nv,국민일보
28,2022.11.15.,"아난티, 3분기 역대 최대 실적…흑자 전환 성공",https://news.kmib.co.kr/article/view.asp?arcid=0017674225&code=61141411&cp=nv,국민일보
29,2022.11.15.,파주시 마장호수 순환형 산책로 18일 정식 개통,https://news.kmib.co.kr/article/view.asp?arcid=0017673871&code=61121111&cp=nv,국민일보
30,2022.11.10.,"“고액·상습 체납 꼼짝 마”… 경기도, 지재권 조사해 징수",https://news.kmib.co.kr/article/view.asp?arcid=0017657347&code=61121111&cp=nv,국민일보
31,2022.11.07.,"[도시 브랜딩 시대 ] 다이내믹 부산, 리브랜딩 통한 ‘퀀텀 점프’ 부푼 꿈",https://news.kmib.co.kr/article/view.asp?arcid=0924271836&code=11131418&cp=nv,국민일보
32,2022.11.06.,안동소주 고향에 ‘싱글몰트 위스키 증류소’ 들어선다,https://news.kmib.co.kr/article/view.asp?arcid=0017641633&code=61122022&cp=nv,국민일보
33,2022.11.03.,"용인특례시, 반도체 전담지원 ‘신성장전략국’ 신설",https://news.kmib.co.kr/article/view.asp?arcid=0017635629&code=61121111&cp=nv,국민일보
34,2022.11.02.,국가애도기간 제주연수 논란 하동군 의원 전원 복귀,https://news.kmib.co.kr/article/view.asp?arcid=0017629409&code=61121111&cp=nv,국민일보
35,2022.10.28.,"전남도-경기도, 수도권·지방 공존·공영 맞손 잡아",https://news.kmib.co.kr/article/view.asp?arcid=0017615044&code=61121111&cp=nv,국민일보
36,2022.10.28.,"경기도-전남도, UAM산업 육성 등 상생발전 합의",https://news.kmib.co.kr/article/view.asp?arcid=0017614534&code=61121111&cp=nv,국민일보
37,2022.10.26.,김성제 의왕시장 ‘지방자치 혁신 행정’ 대상 수상,https://news.kmib.co.kr/article/view.asp?arcid=0017608240&code=61121111&cp=nv,국민일보
38,2022.10.23.,‘권력’에 끊겼던 서촌·북촌… 관광루트로 연결돼 활기,https://news.kmib.co.kr/article/view.asp?arcid=0924269547&code=14170000&cp=nv,국민일보
39,2022.10.23.,"오석규 경기도의원, ‘한중 우호 공헌 대상’ 문화 분야 공로상",https://news.kmib.co.kr/article/view.asp?arcid=0017595149&code=61121111&cp=nv,국민일보
40,2022.10.23.,‘2024~2025 경기도 종합체육대회’ 개최지 파주시 선정,https://news.kmib.co.kr/article/view.asp?arcid=0017595002&code=61121111&cp=nv,국민일보
41,2022.10.23.,‘경북의 힘으로 새로운 대한민국’···도민의 날 행사 열려,https://news.kmib.co.kr/article/view.asp?arcid=0017594857&code=61122022&cp=nv,국민일보
42,2022.10.23.,"‘경제 활력’ 경기도, 기업설명회·종합전시회 잇단 개최",https://news.kmib.co.kr/article/view.asp?arcid=0017594686&code=61121111&cp=nv,국민일보
43,2022.10.21.,"검찰총장 “野가 절대다수, 어떻게 탄압·보복하나”",https://news.kmib.co.kr/article/view.asp?arcid=0017589624&code=61111511&cp=nv,국민일보
44,2022.10.21.,첫 중동·겨울 월드컵… “대~한민국” 한 달 앞으로,https://news.kmib.co.kr/article/view.asp?arcid=0924269445&code=12120000&cp=nv,국민일보
45,2022.10.18.,"시민 72% 찬성… 서울시, 2036년 하계올림픽 유치 나선다",https://news.kmib.co.kr/article/view.asp?arcid=0924268755&code=11131400&cp=nv,국민일보
46,2022.10.17.,‘서울올릭핌’ 한 번 더?…서울시민 73% 찬성,https://news.kmib.co.kr/article/view.asp?arcid=0017575887&code=61121111&cp=nv,국민일보
47,2022.10.17.,"서울시, 2036년 올림픽 유치전 나선다… 시민 73% 찬성",https://news.kmib.co.kr/article/view.asp?arcid=0017575867&code=61121111&cp=nv,국민일보
48,2022.10.17.,경기둘레길 활성화한다… 가평·여주서 걷기행사 개최,https://news.kmib.co.kr/article/view.asp?arcid=0924268560&code=11131412&cp=nv,국민일보
49,2022.10.16.,경기도 ‘경기둘레길’ 활성화…가평·여주서 걷기행사 개최,https://news.kmib.co.kr/article/view.asp?arcid=0017572503&code=61121111&cp=nv,국민일보
50,2022.10.14.,"성남시, 의료관광·헬스케어산업 세계화 박차",https://news.kmib.co.kr/article/view.asp?arcid=0017568157&code=61121111&cp=nv,국민일보
51,2022.10.13.,문화도시 수원 ‘모든 것은 노래한다’ 15일부터 23일까지,https://news.kmib.co.kr/article/view.asp?arcid=0017564403&code=61121111&cp=nv,국민일보
52,2022.10.13.,"경기도 6개 옛길, 모두 복원…550㎞ 대형 탐방로 탄생",https://news.kmib.co.kr/article/view.asp?arcid=0017563581&code=61121111&cp=nv,국민일보
53,2022.10.12.,비움과 채움이 있는 고즈넉한 풍경,https://news.kmib.co.kr/article/view.asp?arcid=0924267851&code=14170000&cp=nv,국민일보
54,2022.10.11.,역대 최대 규모 기업회의 단체 한국 유치,https://news.kmib.co.kr/article/view.asp?arcid=0017556708&code=61172311&cp=nv,국민일보
55,2022.10.10.,한국 특화 관광상품 해외 판매 지원…‘한국 테마관광 박람회’,https://news.kmib.co.kr/article/view.asp?arcid=0017553172&code=61172311&cp=nv,국민일보
56,2022.10.10.,"화성 제암리교회, 성경전래기념관… 희생·헌신 위에 핀 복음 역사와 만나다",https://news.kmib.co.kr/article/view.asp?arcid=0924267523&code=23111111&cp=nv,국민일보
57,2022.10.09.,서태원 가평군수 “힐링과 행복 하나되는 가평특별군 도약”,https://news.kmib.co.kr/article/view.asp?arcid=0017551807&code=61121111&cp=nv,국민일보
58,2022.10.06.,‘경기도 건설신기술 박람회’ 26~27일 의정부서 열려,https://news.kmib.co.kr/article/view.asp?arcid=0017545109&code=61121111&cp=nv,국민일보
59,2022.10.06.,"이동환 고양시장 “고양시, 자족도시 기반 형성해 비상할 것”",https://news.kmib.co.kr/article/view.asp?arcid=0017543506&code=61121111&cp=nv,국민일보
60,2022.10.06.,“尹 구둣발 올린거 보고”…학생이 ‘윤석열차’ 그린 이유,https://news.kmib.co.kr/article/view.asp?arcid=0017541881&code=61111111&cp=nv,국민일보
61,2022.10.06.,“블랙리스트 연상” vs “文열차였으면 린치”,https://news.kmib.co.kr/article/view.asp?arcid=0924267047&code=11121100&cp=nv,국민일보
62,2022.10.05.,‘윤석열차’ 여야 난타전…“블랙리스트 연상” vs “文열차였으면 린치”,https://news.kmib.co.kr/article/view.asp?arcid=0017540901&code=61111511&cp=nv,국민일보
63,2022.10.05.,박범계 “통컸던 석열이형…대통령 되더니 전두환 비쳐”,https://news.kmib.co.kr/article/view.asp?arcid=0017538366&code=61111111&cp=nv,국민일보
64,2022.10.05.,"‘윤석열차’ 경고에…이준석 “尹, 전두환 사형 모의재판은?”",https://news.kmib.co.kr/article/view.asp?arcid=0017537681&code=61111111&cp=nv,국민일보
65,2022.10.05.,‘윤석열차’ 본 법원행정처장 “표현 자유”…與 “표절작”,https://news.kmib.co.kr/article/view.asp?arcid=0017537583&code=61111511&cp=nv,국민일보
66,2022.10.04.,‘윤석열차’ 카툰 논란에…문체부 “주최측에 엄중 경고”,https://news.kmib.co.kr/article/view.asp?arcid=0017535647&code=61171511&cp=nv,국민일보
67,2022.10.04.,"경기도, 가상·증강현실 메타버스 기술 한자리에 모았다",https://news.kmib.co.kr/article/view.asp?arcid=0017533673&code=61121111&cp=nv,국민일보
68,2022.10.04.,"조종수 김건희, 칼 든 검사들…고교생이 그린 ‘윤석열차’",https://news.kmib.co.kr/article/view.asp?arcid=0017533266&code=61111111&cp=nv,국민일보
69,2022.10.01.,[한마당] 3년 만의 가을축제,https://news.kmib.co.kr/article/view.asp?arcid=0924266338&code=11171211&cp=nv,국민일보
70,2022.09.30.,"검찰, 이은해 도피 도운 중학교 동창 등 2명 기소",https://news.kmib.co.kr/article/view.asp?arcid=0017525898&code=61121111&cp=nv,국민일보
71,2022.09.30.,충남 아산만 ‘베이밸리 메가시티’ 건설에 경기도도 동참한다,https://news.kmib.co.kr/article/view.asp?arcid=0924266205&code=11131417&cp=nv,국민일보
72,2022.09.29.,"충남 ‘베이밸리 메가시티’, 경기도와 함께 만든다",https://news.kmib.co.kr/article/view.asp?arcid=0017520379&code=61121111&cp=nv,국민일보
73,2022.09.26.,‘겉멋든 행정’… 살롱·먼스 등 외국어 남발하는 서울시,https://news.kmib.co.kr/article/view.asp?arcid=0924265419&code=11131400&cp=nv,국민일보
74,2022.09.25.,‘겉멋든 행정’…살롱·먼스 등 외국어 남발하는 서울시,https://news.kmib.co.kr/article/view.asp?arcid=0017505966&code=61121111&cp=nv,국민일보
75,2022.09.23.,"전국생활체육대축전 태권도경기, 1위는 ‘부산’",https://news.kmib.co.kr/article/view.asp?arcid=0017502763&code=61161111&cp=nv,국민일보
76,2022.09.20.,[지역 리포트] 시민과 함께… 대한민국 넘어 세계 최고 첨단·행복도시 ‘웅비’,https://news.kmib.co.kr/article/view.asp?arcid=0924264504&code=11131412&cp=nv,국민일보
77,2022.09.20.,한국 ‘시나위’와 미국 ‘재즈’ 평택서 만나 신명난다,https://news.kmib.co.kr/article/view.asp?arcid=0017488474&code=61121111&cp=nv,국민일보
78,2022.09.20.,"[기고] 가평 농업과 대기업, 수도권 시민과 상생 꿈꾼다",https://news.kmib.co.kr/article/view.asp?arcid=0017488129&code=61121111&cp=nv,국민일보
79,2022.09.20.,경기도서 역사문화생태 관광하고 여행비 지원 받아요,https://news.kmib.co.kr/article/view.asp?arcid=0017487654&code=61121111&cp=nv,국민일보
80,2022.09.17.,[빛과 소금] 나비효과,https://news.kmib.co.kr/article/view.asp?arcid=0924263898&code=11171419&cp=nv,국민일보
81,2022.09.14.,경복궁·흔들바위·무령왕릉… 학창시절 추억이 방울방울,https://news.kmib.co.kr/article/view.asp?arcid=0924263540&code=14170000&cp=nv,국민일보
82,2022.09.14.,영종~송도~청라 연결 인천 글로벌 서클 추진,https://news.kmib.co.kr/article/view.asp?arcid=0924263513&code=11131411&cp=nv,국민일보
83,2022.09.13.,"인천시, 영종·송도·청라 글로벌 서클…초일류도시 도약",https://news.kmib.co.kr/article/view.asp?arcid=0017464884&code=61121111&cp=nv,국민일보
84,2022.09.13.,화담숲 ‘가을 단풍축제’ 오는 14일부터 사전예약,https://news.kmib.co.kr/article/view.asp?arcid=0017464330&code=61172311&cp=nv,국민일보
85,2022.09.08.,DMZ 평화의 상징 ‘파주 캠프그리브스 역사공원’ 닻 올렸다,https://news.kmib.co.kr/article/view.asp?arcid=0924262931&code=11131412&cp=nv,국민일보
86,2022.09.07.,경기도 ‘파주 캠프그리브스 역사공원’ 내달 착공,https://news.kmib.co.kr/article/view.asp?arcid=0017448944&code=61121111&cp=nv,국민일보
87,2022.09.06.,‘코로나 이후에도 캠핑 인기’… 2021 캠핑이용자 실태 조사,https://news.kmib.co.kr/article/view.asp?arcid=0017444162&code=61172311&cp=nv,국민일보
88,2022.09.05.,[이제는 지방시대] 평화생태관광 중심지 파주… 곤돌라 타고 출렁다리 걸어볼까,https://news.kmib.co.kr/article/view.asp?arcid=0924262452&code=11131412&cp=nv,국민일보
89,2022.09.01.,한복의 멋을 보다. 한복문화주간 사전행사,https://news.kmib.co.kr/article/view.asp?arcid=0017430958&code=61211211&cp=nv,국민일보
90,2022.08.29.,“한달 2000만원 막막” 의료보험 끊긴 다문화가정들,https://news.kmib.co.kr/article/view.asp?arcid=0924261291&code=11131100&cp=nv,국민일보
91,2022.08.28.,파주시 ‘접경지역 시장·군수협의회’ 첫 정기회의 개최,https://news.kmib.co.kr/article/view.asp?arcid=0017414904&code=61121111&cp=nv,국민일보
92,2022.08.24.,‘제68회 경기도체육대회 2022 용인’ 25~27일,https://news.kmib.co.kr/article/view.asp?arcid=0017401338&code=61121111&cp=nv,국민일보
93,2022.08.24.,"태국 해변 관광객에 발견된 시신, 알고 보니 ‘리얼돌’",https://news.kmib.co.kr/article/view.asp?arcid=0017399680&code=61131311&cp=nv,국민일보
94,2022.08.22.,정명근 화성시장 “‘200만 균형발전특례시 화성’ 구현에 박차 가할 것”,https://news.kmib.co.kr/article/view.asp?arcid=0924260116&code=11131412&cp=nv,국민일보
95,2022.08.21.,정명근 시장 ‘200만 균형발전특례시 화성’ 구현 박차”,https://news.kmib.co.kr/article/view.asp?arcid=0017392644&code=61121111&cp=nv,국민일보
96,2022.08.17.,광주에 스타필드·백화점 동시 건립…신세계그룹,https://news.kmib.co.kr/article/view.asp?arcid=0017382216&code=61121111&cp=nv,국민일보
97,2022.08.16.,로아트 ‘우리가 기억한다. 기록한다’ 전시 눈길,https://news.kmib.co.kr/article/view.asp?arcid=0017378540&code=61121111&cp=nv,국민일보
98,2022.08.16.,"경기관광공사, 관광 현안 발굴·사업화 시·군과 ‘맞손’",https://news.kmib.co.kr/article/view.asp?arcid=0017377017&code=61121111&cp=nv,국민일보
99,2022.08.15.,한반도 평화 염원 안고 달린다… ‘Tour de DMZ’ 26일 개막,https://news.kmib.co.kr/article/view.asp?arcid=0017373602&code=61121111&cp=nv,국민일보
100,2022.08.10.,경기도 지역 유명 맛집이라더니… 원산지 거짓표시 등 위반,https://news.kmib.co.kr/article/view.asp?arcid=0924258552&code=11131412&cp=nv,국민일보
101,2022.08.09.,지역 유명 맛집이라더니…원산지 거짓 표시 등,https://news.kmib.co.kr/article/view.asp?arcid=0017355190&code=61121111&cp=nv,국민일보
102,2022.08.09.,"정부, 안쓰는 땅·건물 민간에 판다… 5년간 ‘16조+α’ 규모",https://news.kmib.co.kr/article/view.asp?arcid=0924258437&code=11151100&cp=nv,국민일보
103,2022.08.08.,[포토] DMZ 체험관 ‘파주 DMZ 생생누리’,https://news.kmib.co.kr/article/view.asp?arcid=0924258483&code=11131000&cp=nv,국민일보
104,2022.08.08.,"‘계곡살인’ 이은해, 도피 중 지인들과 ‘대담한 여행’",https://news.kmib.co.kr/article/view.asp?arcid=0017353795&code=61121311&cp=nv,국민일보
105,2022.08.08.,실감미디어체험관 첨단기법으로 보는 DMZ 매력,https://news.kmib.co.kr/article/view.asp?arcid=0017351715&code=61172311&cp=nv,국민일보
106,2022.08.05.,의정부 부대찌개 거리서 가상현실 게임 즐긴다,https://news.kmib.co.kr/article/view.asp?arcid=0017345283&code=61121111&cp=nv,국민일보
107,2022.08.01.,경기도 공공기관 통합채용 GH 등 22곳 108명 채용,https://news.kmib.co.kr/article/view.asp?arcid=0017329758&code=61121111&cp=nv,국민일보
108,2022.07.31.,전북 서해안권 국가지질공원 재인증 … 세계 인증 준비 박차,https://news.kmib.co.kr/article/view.asp?arcid=0017328266&code=61121111&cp=nv,국민일보
109,2022.07.31.,경기도 대표 지역축제 인지도 분석…경쟁력 강화 활용,https://news.kmib.co.kr/article/view.asp?arcid=0017328224&code=61121111&cp=nv,국민일보
110,2022.07.29.,[혜윰노트] 살고 싶은 ‘지역’이 자꾸만 늘어나네,https://news.kmib.co.kr/article/view.asp?arcid=0924257037&code=11171427&cp=nv,국민일보
111,2022.07.27.,이재준 수원특례시장 “스마트 관광 표준 만들어내겠다”,https://news.kmib.co.kr/article/view.asp?arcid=0017318042&code=61121111&cp=nv,국민일보
112,2022.07.26.,‘여걸’ 김경희 이천시장 “미래 큰 그림 확실히 그리겠다”,https://news.kmib.co.kr/article/view.asp?arcid=0017312473&code=61121111&cp=nv,국민일보
113,2022.07.20.,경기도 ‘미활용 군용지’ 활용…특별법 제정 등 방안 모색,https://news.kmib.co.kr/article/view.asp?arcid=0017293681&code=61121111&cp=nv,국민일보
114,2022.07.17.,"양주시, 현안 사업 신속 추진 위해 경기도 협조 요청",https://news.kmib.co.kr/article/view.asp?arcid=0017285072&code=61121111&cp=nv,국민일보
115,2022.07.15.,"용인시, 전기차 구매보조금 추가 지원…426대",https://news.kmib.co.kr/article/view.asp?arcid=0017279365&code=61121111&cp=nv,국민일보
116,2022.07.13.,충남 북부·경기 남부 ‘베이밸리 메가시티’ 건설 속도 붙었다,https://news.kmib.co.kr/article/view.asp?arcid=0924254682&code=11131417&cp=nv,국민일보
117,2022.07.13.,경기도 5340만회 방문… 국내여행 3년 연속 1위,https://news.kmib.co.kr/article/view.asp?arcid=0924254694&code=11131412&cp=nv,국민일보
118,2022.07.12.,충남 북부·경기 남부 합친 4차산업 중심 ‘메가시티’ 속도,https://news.kmib.co.kr/article/view.asp?arcid=0017268346&code=61121111&cp=nv,국민일보
119,2022.07.12.,국내 여행 3년 연속 1위 경기도…지난해 5340만회 방문,https://news.kmib.co.kr/article/view.asp?arcid=0017267642&code=61121111&cp=nv,국민일보
120,2022.07.10.,연일 무더위 제주서 물놀이 사고 잇따라,https://news.kmib.co.kr/article/view.asp?arcid=0017262211&code=61121111&cp=nv,국민일보
121,2022.07.07.,"백영현 포천시장 ‘더 큰 포천, 더 큰 행복’ 비전 제시",https://news.kmib.co.kr/article/view.asp?arcid=0017255652&code=61121111&cp=nv,국민일보
122,2022.07.06.,반려견도 보호자도 모두 행복해요!,https://news.kmib.co.kr/article/view.asp?arcid=0924253728&code=14170000&cp=nv,국민일보
123,2022.07.05.,"“작은도서관·평생교육 접목, 다음세대·관계전도 새로운 대안될 것”",https://news.kmib.co.kr/article/view.asp?arcid=0017247293&code=61221111&cp=nv,국민일보
124,2022.07.03.,[포착] “가자! 바다로” 폭염 속 인산인해 해수욕장,https://news.kmib.co.kr/article/view.asp?arcid=0017239471&code=61121111&cp=nv,국민일보
125,2022.06.26.,"경기도, 휴가철 맞아 청정계곡 불법행위 집중 수사",https://news.kmib.co.kr/article/view.asp?arcid=0017214954&code=61121111&cp=nv,국민일보
126,2022.06.23.,"경기도, 여름 성수기 대비 ‘청정계곡’ 불법행위 점검",https://news.kmib.co.kr/article/view.asp?arcid=0017206806&code=61121111&cp=nv,국민일보
127,2022.06.23.,[손영옥의 컬처 아이] 연천군 농촌기본소득 실험을 반기며,https://news.kmib.co.kr/article/view.asp?arcid=0924251505&code=11171435&cp=nv,국민일보
128,2022.06.20.,“무더위 피해 경기 숲길 걸어보세요” 가평 19·20코스 양평 26코스 추천,https://news.kmib.co.kr/article/view.asp?arcid=0924250964&code=11131412&cp=nv,국민일보
129,2022.06.19.,경기둘레길 숲길 중 ‘여름철 걷기 명소’ 3곳 있다,https://news.kmib.co.kr/article/view.asp?arcid=0017191977&code=61121111&cp=nv,국민일보
130,2022.06.13.,“쓰레기 줄이자” 고양 자원 재활용사업 활발,https://news.kmib.co.kr/article/view.asp?arcid=0924249879&code=11131412&cp=nv,국민일보
131,2022.06.08.,유쾌하게 느긋하게… 일찍 떠나는 여름휴가,https://news.kmib.co.kr/article/view.asp?arcid=0924249242&code=14170000&cp=nv,국민일보
132,2022.06.07.,“목사님도 휴가가 필요해”…다른 교회 탐방·영적 에너지 충전,https://news.kmib.co.kr/article/view.asp?arcid=0017155052&code=61221111&cp=nv,국민일보
133,2022.06.07.,"인터파크, 21일까지 ‘대한민국 숙박 대전 2022’ 진행",https://news.kmib.co.kr/article/view.asp?arcid=0017153188&code=61172311&cp=nv,국민일보
134,2022.06.06.,"[이제는 지방시대] 회색 굴뚝이 녹색 숲으로… 공업도시 울산, 생태도시 됐다",https://news.kmib.co.kr/article/view.asp?arcid=0924248848&code=11131420&cp=nv,국민일보
135,2022.06.04.,남양주 ‘청학밸리리조트’ 개장 3주년 기념 새단장,https://news.kmib.co.kr/article/view.asp?arcid=0017146834&code=61121111&cp=nv,국민일보
136,2022.06.02.,이동환 고양시장 당선인 “시민 행복시대 만들 것”,https://news.kmib.co.kr/article/view.asp?arcid=0017141043&code=61121111&cp=nv,국민일보
137,2022.06.02.,무료·할인 팍팍 ‘수원시 카톡 친구’ 3년 만에 돌아와,https://news.kmib.co.kr/article/view.asp?arcid=0924248346&code=11131412&cp=nv,국민일보
138,2022.06.01.,수원시 카톡 친구 ‘더하기 이벤트’로 더 커져 돌아와,https://news.kmib.co.kr/article/view.asp?arcid=0017137180&code=61121111&cp=nv,국민일보
139,2022.06.01.,"“이재명 발상은 제주완박”… 국민의힘, 막판 화력 집중",https://news.kmib.co.kr/article/view.asp?arcid=0924248257&code=11121900&cp=nv,국민일보
140,2022.05.31.,"與, ‘제주완박’ 이재명 공약 난타…“경기도 승리가 선거 승리” 막판 총력",https://news.kmib.co.kr/article/view.asp?arcid=0017135323&code=61111711&cp=nv,국민일보
141,2022.05.31.,"이준석, 이재명 ‘김포공항 이전 공약’에 “무식한 발상”",https://news.kmib.co.kr/article/view.asp?arcid=0017133587&code=61122027&cp=nv,국민일보
142,2022.05.31.,스스로 주차하고 물건 쌓고… 산업에 스며든 완전자율 모빌리티,https://news.kmib.co.kr/article/view.asp?arcid=0924247945&code=11151400&cp=nv,국민일보
143,2022.05.30.,"“네이마르가 타자고”…브라질 대표팀, 롤러코스터 탄 사연",https://news.kmib.co.kr/article/view.asp?arcid=0017130958&code=61121111&cp=nv,국민일보
144,2022.05.30.,한국이 궁금했니? ‘삼바 군단’ 신나는 단체 관광,https://news.kmib.co.kr/article/view.asp?arcid=0924247909&code=12120000&cp=nv,국민일보
145,2022.05.29.,"남산찍고, T 타고…“제대로 논” 브라질 네이마르 [영상]",https://news.kmib.co.kr/article/view.asp?arcid=0017127187&code=61171811&cp=nv,국민일보
146,2022.05.29.,"오석규 경기도의원 후보, 사전 투표 마치고 감사 기도",https://news.kmib.co.kr/article/view.asp?arcid=0017126975&code=61122013&cp=nv,국민일보
147,2022.05.26.,"스스로 주차, 알아서 택배함으로… 스며드는 완전자율 모빌리티",https://news.kmib.co.kr/article/view.asp?arcid=0017115894&code=61172011&cp=nv,국민일보
148,2022.05.24.,국내 여행으로 일상 재생을… ‘2022 여행가는 달’,https://news.kmib.co.kr/article/view.asp?arcid=0017108719&code=61172311&cp=nv,국민일보
149,2022.05.23.,김은혜 경기지사 후보 ‘경기북부 번영 5대 공약’ 발표,https://news.kmib.co.kr/article/view.asp?arcid=0017106777&code=61111711&cp=nv,국민일보
150,2022.05.22.,제종길 ‘안시성’ 승부수…수도권 최초 지자체 경제협력,https://news.kmib.co.kr/article/view.asp?arcid=0017102990&code=61121111&cp=nv,국민일보
151,2022.05.22.,경기도 ‘청정계곡 도민환원’ 3년 차…유지관리 초점,https://news.kmib.co.kr/article/view.asp?arcid=0017102651&code=61121111&cp=nv,국민일보
152,2022.05.19.,‘경기 관광자원 알리기 전국 투어’ 10월까지,https://news.kmib.co.kr/article/view.asp?arcid=0017093125&code=61121111&cp=nv,국민일보
153,2022.05.19.,강원·경기도 “접경지역 규제완화 공동 대응”,https://news.kmib.co.kr/article/view.asp?arcid=0924246214&code=11131413&cp=nv,국민일보
154,2022.05.19.,시민단체 “춘천 레고랜드 상가부지 특혜 의혹”… 감사 촉구,https://news.kmib.co.kr/article/view.asp?arcid=0924246176&code=11131413&cp=nv,국민일보
155,2022.05.18.,"시민단체, 춘천 레고랜드 상가부지 특혜 매각 의혹 제기",https://news.kmib.co.kr/article/view.asp?arcid=0017090776&code=61121111&cp=nv,국민일보
156,2022.05.18.,"강원·경기도, ‘접경지역 군사 규제 완화’ 공동 대응 나선다",https://news.kmib.co.kr/article/view.asp?arcid=0017090414&code=61121111&cp=nv,국민일보
157,2022.05.17.,"포천시 “수도권 쓰레기 매립지 선정, 사실무근” 반발",https://news.kmib.co.kr/article/view.asp?arcid=0017087575&code=61121111&cp=nv,국민일보
158,2022.05.16.,오석규 경기도의원 후보 선거사무소 개소…공약 발표,https://news.kmib.co.kr/article/view.asp?arcid=0017080972&code=61122013&cp=nv,국민일보
159,2022.05.16.,‘돗자리 깔고 떼창’… 음악 축제가 돌아왔다,https://news.kmib.co.kr/article/view.asp?arcid=0924245607&code=13110000&cp=nv,국민일보
160,2022.05.14.,"김은혜 “경기도, 즐길거리 가득한 ‘문화특별도’ 만들 것”",https://news.kmib.co.kr/article/view.asp?arcid=0017076645&code=61111711&cp=nv,국민일보
161,2022.05.13.,고양시 ‘관광특구 진흥계획 집행상황 평가’ 1위 차지,https://news.kmib.co.kr/article/view.asp?arcid=0017073304&code=61121111&cp=nv,국민일보
162,2022.05.13.,강원도 ‘DMZ 평화의 길’ 조성 연내 완료,https://news.kmib.co.kr/article/view.asp?arcid=0924245268&code=11131413&cp=nv,국민일보
163,2022.05.12.,강원도 접경지역 동서로 잇는 ‘DMZ 평화의 길’ 연내 완공,https://news.kmib.co.kr/article/view.asp?arcid=0017069739&code=61121111&cp=nv,국민일보
164,2022.05.10.,진천군의 기적… 93개월째 인구 고공행진,https://news.kmib.co.kr/article/view.asp?arcid=0924244546&code=11131416&cp=nv,국민일보
165,2022.05.09.,진천군 인구 증가 고공행진 그 비결은,https://news.kmib.co.kr/article/view.asp?arcid=0017056665&code=61121111&cp=nv,국민일보
166,2022.05.06.,"[포토] 어린이날, 발 디딜 틈 없는 에버랜드",https://news.kmib.co.kr/article/view.asp?arcid=0924244260&code=11131000&cp=nv,국민일보
167,2022.05.02.,그때 그 시절…미자립 교회에 ‘전도용’ 자전거 보냈다,https://news.kmib.co.kr/article/view.asp?arcid=0017034957&code=61221111&cp=nv,국민일보
168,2022.04.29.,박남춘 더민주 인천시장 후보 평화경제 공동선언,https://news.kmib.co.kr/article/view.asp?arcid=0017027713&code=61122012&cp=nv,국민일보
169,2022.04.28.,"포천시, 지역경제 활성화 ‘포천 브랜딩’ 활동 협약",https://news.kmib.co.kr/article/view.asp?arcid=0017024491&code=61121111&cp=nv,국민일보
170,2022.04.22.,경기도 마을정원 조성사업 참여 대상지 공모,http://news.kmib.co.kr/article/view.asp?arcid=0017001730&code=61121111&cp=nv,국민일보
171,2022.04.21.,의정부 퓨전문화관광홍보관 이용 후 부대찌개 즐겨요,http://news.kmib.co.kr/article/view.asp?arcid=0017000148&code=61121111&cp=nv,국민일보
172,2022.04.18.,고양시 ‘지속가능 도시’ 조성…균형개발 추진 나서,http://news.kmib.co.kr/article/view.asp?arcid=0016984934&code=61121111&cp=nv,국민일보
173,2022.04.14.,"이희창 양주시장 예비후보, 선거사무소 개소",http://news.kmib.co.kr/article/view.asp?arcid=0016976803&code=61121111&cp=nv,국민일보
174,2022.04.14.,연 30만명 찾는 어류관광 명소… 완주 ‘물고기마을’ 문 닫나,http://news.kmib.co.kr/article/view.asp?arcid=0924240590&code=11131424&cp=nv,국민일보
175,2022.04.13.,연 30만명 찾는 어류관광 명소… 완주 ‘물고기마을’ 문 닫나,http://news.kmib.co.kr/article/view.asp?arcid=0016971158&code=61121111&cp=nv,국민일보
176,2022.04.13.,화성·안산·시흥 ‘갯벌 생태조사’ 착수,http://news.kmib.co.kr/article/view.asp?arcid=0924240311&code=11131412&cp=nv,국민일보
177,2022.04.12.,"교육·문화·관광 전문가 오석규 박사, 경기도의원 출마",http://news.kmib.co.kr/article/view.asp?arcid=0016966619&code=61121111&cp=nv,국민일보
178,2022.04.12.,박재만 양주시장 예비후보 “중단 없는 양주발전 이끌겠다”,http://news.kmib.co.kr/article/view.asp?arcid=0016965810&code=61121111&cp=nv,국민일보
179,2022.04.12.,"경기도, 2024년까지 갯벌 생태조사…생태지도 만든다",http://news.kmib.co.kr/article/view.asp?arcid=0016964772&code=61121111&cp=nv,국민일보
180,2022.04.09.,오세훈 서울시장 유정복 인천시장 예비후보 만남,http://news.kmib.co.kr/article/view.asp?arcid=0016957322&code=61122012&cp=nv,국민일보
181,2022.04.08.,"이인재 고양시장 예비후보, 선거사무소 개소",http://news.kmib.co.kr/article/view.asp?arcid=0016955747&code=61121111&cp=nv,국민일보
182,2022.04.08.,김필례 고양시장 예비후보 “PRIDE 넘치는 고양시 만들겠다”,http://news.kmib.co.kr/article/view.asp?arcid=0016955714&code=61121111&cp=nv,국민일보
183,2022.04.08.,"장동일 “화합·소통, 품격 있는 안산시 만들겠다”",http://news.kmib.co.kr/article/view.asp?arcid=0016955688&code=61121111&cp=nv,국민일보
184,2022.04.08.,"경기도, 파주 등 3곳에 문화·생태·평화 관광명소 조성",http://news.kmib.co.kr/article/view.asp?arcid=0016953921&code=61121111&cp=nv,국민일보
185,2022.04.07.,“도시 발전 위해 정책 제안 노력…보람 느끼며 활동”,http://news.kmib.co.kr/article/view.asp?arcid=0016952438&code=61121111&cp=nv,국민일보
186,2022.04.07.,파주 ‘캠프 그리브스’ 역사공원 조성 속도,http://news.kmib.co.kr/article/view.asp?arcid=0924239473&code=11131412&cp=nv,국민일보
187,2022.04.07.,“목숨 걸고 타는 리프트… 엘리베이터 요구는 생명의 문제”,http://news.kmib.co.kr/article/view.asp?arcid=0924239530&code=11131100&cp=nv,국민일보
188,2022.04.06.,"경기도, 파주 캠프 그리브스 역사공원 조성 본격화",http://news.kmib.co.kr/article/view.asp?arcid=0016945254&code=61121111&cp=nv,국민일보
189,2022.04.05.,"정부, 중소게임사 임대 사업… 임대료 면제",http://news.kmib.co.kr/article/view.asp?arcid=0016942154&code=61151111&cp=nv,국민일보
190,2022.03.30.,"박형덕 전 경기도의원, 동두천시장 출마 선언",http://news.kmib.co.kr/article/view.asp?arcid=0016924392&code=61121111&cp=nv,국민일보
191,2022.03.30.,‘장동일’ 안산시장 출사표 “큰 미래 비전 함께 그려나가고 싶다”,http://news.kmib.co.kr/article/view.asp?arcid=0016923652&code=61121111&cp=nv,국민일보
192,2022.03.29.,"경기도, 신규 전통시장 특성화 사업 대상지 13곳 선정",http://news.kmib.co.kr/article/view.asp?arcid=0924238040&code=11131412&cp=nv,국민일보
193,2022.03.28.,"구례군, 2000억 규모 오산권역 관광 프로젝트 추진",http://news.kmib.co.kr/article/view.asp?arcid=0016913680&code=61121111&cp=nv,국민일보
194,2022.03.28.,경기도 ‘전통시장 특성화’ 13곳 선정…“불편·낙후 개선”,http://news.kmib.co.kr/article/view.asp?arcid=0016912278&code=61121111&cp=nv,국민일보
195,2022.03.27.,[부고] 김만선씨 별세 外,http://news.kmib.co.kr/article/view.asp?arcid=0924237791&code=11111200&cp=nv,국민일보
196,2022.03.27.,"가평군, 홍보 채널 개편…“섬세한 감성 소통할 것”",http://news.kmib.co.kr/article/view.asp?arcid=0016910450&code=61121111&cp=nv,국민일보
197,2022.03.24.,"안양·고양·파주·포천 거리 4곳, 경기도 ‘구석구석 테마골목’ 선정",http://news.kmib.co.kr/article/view.asp?arcid=0924237278&code=11131412&cp=nv,국민일보
198,2022.03.23.,"경기도, 4곳 골목·거리 ‘생활관광 명소화’ 나선다",http://news.kmib.co.kr/article/view.asp?arcid=0016896066&code=61121111&cp=nv,국민일보
199,2022.03.21.,"‘이젠, 행정도 디지털 체제로’ 경기도, 청사진 나왔다",http://news.kmib.co.kr/article/view.asp?arcid=0016888015&code=61121111&cp=nv,국민일보
200,2022.03.20.,‘경기문화창조허브’ 동부 거점 여주로…내년 조성한다,http://news.kmib.co.kr/article/view.asp?arcid=0016885671&code=61121111&cp=nv,국민일보
201,2022.03.16.,"[포착] 이재명, 대선 후 첫 외부 활동…숨진 당원 조문",http://news.kmib.co.kr/article/view.asp?arcid=0016875578&code=61111111&cp=nv,국민일보
202,2022.03.16.,“지리·문화적 역사 깊은 도시… 세계적 관광도시로 만들 것”,http://news.kmib.co.kr/article/view.asp?arcid=0924235994&code=11131412&cp=nv,국민일보
203,2022.03.15.,"신동헌 경기 광주시장 “세계적 관광도시, 활짝 꽃피우겠다”",http://news.kmib.co.kr/article/view.asp?arcid=0016869498&code=61121111&cp=nv,국민일보
204,2022.03.15.,청주공항 주변 새로운 성장축 부상,http://news.kmib.co.kr/article/view.asp?arcid=0016869061&code=61122017&cp=nv,국민일보
205,2022.03.15.,"지역특화 컨벤션을 글로벌 행사로…경기도, 육성 나서",http://news.kmib.co.kr/article/view.asp?arcid=0016868467&code=61121111&cp=nv,국민일보
206,2022.03.12.,“이 악물고 살아남자”… 尹 당선에 좌절한 20대 여성들,http://news.kmib.co.kr/article/view.asp?arcid=0016860677&code=61121111&cp=nv,국민일보
207,2022.03.10.,‘해양레저 모든 것’…‘2022 경기국제보트쇼’ 11일 개막,http://news.kmib.co.kr/article/view.asp?arcid=0016854548&code=61121111&cp=nv,국민일보
208,2022.03.09.,[청사초롱] 풀꽃 이름,http://news.kmib.co.kr/article/view.asp?arcid=0924234933&code=11171362&cp=nv,국민일보
209,2022.03.08.,‘화재 빈번한 봄철’ 경기도 ‘촘촘’ 화재예방대책 추진,http://news.kmib.co.kr/article/view.asp?arcid=0016845252&code=61121111&cp=nv,국민일보
210,2022.03.08.,경기도 ‘1인 크리에이터’ 5년간 2300명 육성,http://news.kmib.co.kr/article/view.asp?arcid=0924234789&code=11131412&cp=nv,국민일보
211,2022.03.07.,경기도 ‘1인 크리에이터 육성사업’ 활짝 피다,http://news.kmib.co.kr/article/view.asp?arcid=0016841420&code=61121111&cp=nv,국민일보
212,2022.03.04.,이천·연천·가평 3곳에 주민 주도 생태관광 거점,http://news.kmib.co.kr/article/view.asp?arcid=0924234373&code=11131412&cp=nv,국민일보
213,2022.03.03.,"화성시, 코로나19 극복 추경 416억 긴급 편성",http://news.kmib.co.kr/article/view.asp?arcid=0016831939&code=61121111&cp=nv,국민일보
214,2022.03.03.,경기 이천·연천·가평에 주민주도형 생태관광거점 조성,http://news.kmib.co.kr/article/view.asp?arcid=0016828897&code=61121111&cp=nv,국민일보
215,2022.03.03.,[손영옥의 컬처 아이] 대선 후보 문화 공약 들여다보니,http://news.kmib.co.kr/article/view.asp?arcid=0924234151&code=11171435&cp=nv,국민일보
216,2022.03.02.,고양시티투어 타고 ‘K사극 드라마 속 명소’ 만나요,http://news.kmib.co.kr/article/view.asp?arcid=0016824349&code=61121111&cp=nv,국민일보
217,2022.02.25.,"인천공항~속초 ‘동서남북평화도로’ 경기·강원, 356.5㎞ 연결 손잡았다",http://news.kmib.co.kr/article/view.asp?arcid=0924233307&code=11131413&cp=nv,국민일보
218,2022.02.24.,강원‧경기 ‘동서남북평화도로’ 연결 위해 손잡았다,http://news.kmib.co.kr/article/view.asp?arcid=0016806335&code=61121111&cp=nv,국민일보
219,2022.02.23.,이젠 패럴림픽! 눈·얼음 위에서 한계를 넘는다,http://news.kmib.co.kr/article/view.asp?arcid=0924232842&code=12180000&cp=nv,국민일보
220,2022.02.16.,MZ세대가 반한 ‘경남형 한 달 살이’… 관광·홍보 일석이조,http://news.kmib.co.kr/article/view.asp?arcid=0924231723&code=11131422&cp=nv,국민일보
221,2022.02.15.,‘리틀포레스트’ 꿈꾸는 ‘한달 여행하기’ 경남에 빠지다,http://news.kmib.co.kr/article/view.asp?arcid=0016772741&code=61122023&cp=nv,국민일보
222,2022.02.14.,"경기도, 공공데이터 14종 사업자등록번호 추가 공개",http://news.kmib.co.kr/article/view.asp?arcid=0016767276&code=61121111&cp=nv,국민일보
223,2022.02.14.,“혁신파크·DMC·진관동 문화관광벨트 조성”,http://news.kmib.co.kr/article/view.asp?arcid=0924231423&code=11131400&cp=nv,국민일보
224,2022.02.14.,경기도 ‘청정계곡 관광명소화’ 양주 장흥계곡 등 11곳 추가 추진,http://news.kmib.co.kr/article/view.asp?arcid=0924231422&code=11131412&cp=nv,국민일보
225,2022.02.13.,김미경 은평구청장 “혁신파크·DMC·진관동 문화체육 관광지구 조성”[인터뷰],http://news.kmib.co.kr/article/view.asp?arcid=0016765219&code=61121111&cp=nv,국민일보
226,2022.02.13.,"경기도, 청정계곡 관광명소화…양주 장흥 등 14곳 추진",http://news.kmib.co.kr/article/view.asp?arcid=0016764945&code=61121111&cp=nv,국민일보
227,2022.02.08.,광주시가 선보이는 ‘스마트가든’…치유·휴식·관광 ‘만점’,http://news.kmib.co.kr/article/view.asp?arcid=0016749002&code=61121111&cp=nv,국민일보
228,2022.02.07.,"[이제는 지방시대] ‘특례시’ 날개 단 용인시, 세계적 반도체 도시로 힘찬 비상",http://news.kmib.co.kr/article/view.asp?arcid=0924230321&code=11131412&cp=nv,국민일보
229,2022.02.06.,北 금강산댐이 한 눈에… 백암산 케이블카 4월 가동,http://news.kmib.co.kr/article/view.asp?arcid=0016739418&code=61121111&cp=nv,국민일보
230,2022.02.03.,‘양주 회암사지 왕실축제’ 경기관광축제 선정,http://news.kmib.co.kr/article/view.asp?arcid=0016730624&code=61121111&cp=nv,국민일보
231,2022.02.03.,"경기도, 관광지 13곳 쉼터 설치 등 ‘무장애 환경’ 지원",http://news.kmib.co.kr/article/view.asp?arcid=0016730390&code=61121111&cp=nv,국민일보
232,2022.01.28.,[한마당] 유령역,http://news.kmib.co.kr/article/view.asp?arcid=0924229565&code=11171211&cp=nv,국민일보
233,2022.01.26.,"경기도 대표 지역축제 20개 선정, 최대 8천만원 지원",http://news.kmib.co.kr/article/view.asp?arcid=0016707471&code=61121111&cp=nv,국민일보
234,2022.01.25.,"경기도, 차량 전시장 등 산업현장 42개소 ‘관광명소로’",http://news.kmib.co.kr/article/view.asp?arcid=0016703119&code=61121111&cp=nv,국민일보
235,2022.01.25.,강촌·남이섬·자라섬 일대 ‘광역관광특구 1호’ 되나,http://news.kmib.co.kr/article/view.asp?arcid=0924228968&code=11131413&cp=nv,국민일보
236,2022.01.24.,강촌·남이섬·자라섬 일대 전국 최초 광역 관광특구 지정 추진,http://news.kmib.co.kr/article/view.asp?arcid=0016700464&code=61121111&cp=nv,국민일보
237,2022.01.24.,과천~충주 민자 고속도로 추진 성사여부 관심,http://news.kmib.co.kr/article/view.asp?arcid=0016700437&code=61121111&cp=nv,국민일보
238,2022.01.21.,경기도 녹색 복지 공원·녹지 511억 투자,http://news.kmib.co.kr/article/view.asp?arcid=0016691762&code=61121111&cp=nv,국민일보
239,2022.01.21.,멋대로 그린피·숙소 패키지… ‘무늬만 대중골프장’ 손본다,http://news.kmib.co.kr/article/view.asp?arcid=0924228667&code=11121100&cp=nv,국민일보
240,2022.01.19.,진천 투자유치 잰걸음…7년 연속 1조 달성 도전,http://news.kmib.co.kr/article/view.asp?arcid=0016684472&code=61121111&cp=nv,국민일보
241,2022.01.19.,인천 서도중앙교회 등 한국교회 숨겨진 역사 자료 찾는다,http://news.kmib.co.kr/article/view.asp?arcid=0924228073&code=23111114&cp=nv,국민일보
242,2022.01.17.,"문체부·관광公, 2022년 관광두레 신규 지역 19곳 선정",http://news.kmib.co.kr/article/view.asp?arcid=0016675296&code=61172311&cp=nv,국민일보
243,2022.01.13.,고양특례시 공식 출범…“행정·재정·복지 향상 기대”,http://news.kmib.co.kr/article/view.asp?arcid=0016667123&code=61121111&cp=nv,국민일보
244,2022.01.13.,"고양·수원·용인·창원, 오늘부터 특례시… 광역시급 권한",http://news.kmib.co.kr/article/view.asp?arcid=0924227248&code=11131412&cp=nv,국민일보
245,2022.01.12.,"신동헌 광주시장 “관광산업, 신성장 동력 승화시키겠다”",http://news.kmib.co.kr/article/view.asp?arcid=0016661869&code=61121111&cp=nv,국민일보
246,2022.01.12.,백군기 용인시장 “열정 쏟아 글로벌 반도체 도시 도약”,http://news.kmib.co.kr/article/view.asp?arcid=0016659183&code=61121111&cp=nv,국민일보
247,2022.01.10.,경기도식 관광 개발에 8000억 통큰 투자,http://news.kmib.co.kr/article/view.asp?arcid=0924226696&code=11131412&cp=nv,국민일보
248,2022.01.09.,"경기도, 상생·지속가능·혁신관광 위해 8천억대 투자한다",http://news.kmib.co.kr/article/view.asp?arcid=0016650092&code=61121111&cp=nv,국민일보
249,2022.01.07.,[기고] 경기지역 라디오 방송사업자 공영방송이 적합,http://news.kmib.co.kr/article/view.asp?arcid=0016646727&code=61121111&cp=nv,국민일보
250,2022.12.05.,"김동연 경기지사, 산하기관장 4명 임명",http://www.naeil.com/news_view/?id_art=443975,내일신문
251,2022.12.01.,"경기관광공사, ‘커뮤니케이션 대상’ 2년 연속 수상",http://www.naeil.com/news_view/?id_art=443550,내일신문
252,2022.12.01.,경기도 청렴대상 최우수기관에 ‘용인시·경기도일자리재단’,http://www.naeil.com/news_view/?id_art=443549,내일신문
253,2022.11.23.,"포천, 2035년 계획인구 20만5천명",http://www.naeil.com/news_view/?id_art=442714,내일신문
254,2022.11.22.,"경기도-의회, '공공기관장 20곳 인사청문' 합의",http://www.naeil.com/news_view/?id_art=442479,내일신문
255,2022.11.18.,"경기도-국힘, 인사청문회 놓고 충돌",http://www.naeil.com/news_view/?id_art=442172,내일신문
256,2022.11.15.,"[제5회 첫겨울 나눌래옷 나눔외투 전달식] ""겨울이 없는 나라에서 온 이웃들에게 큰 도움됐다""",http://www.naeil.com/news_view/?id_art=441834,내일신문
257,2022.11.02.,경기도 민생추경안 이번엔 처리될까?,http://www.naeil.com/news_view/?id_art=440262,내일신문
258,2022.10.31.,지자체 가을축제 일제히 취소·축소,http://www.naeil.com/news_view/?id_art=440045,내일신문
259,2022.10.30.,신일 므네모시네 윈드오케스트라 & 마상학 교사,http://www.naeil.com/news_view/?id_art=439964,내일신문
260,2022.10.28.,'시화MTV 디아티크' 31일 청약,http://www.naeil.com/news_view/?id_art=439925,내일신문
261,2022.10.20.,서해안권 관광도로 명소화해야,http://www.naeil.com/news_view/?id_art=439082,내일신문
262,2022.10.18.,카페거리서 공연보고 공방체험도,http://www.naeil.com/news_view/?id_art=438724,내일신문
263,2022.10.13.,경기옛길 6대로 550㎞ 모두 복원,http://www.naeil.com/news_view/?id_art=438357,내일신문
264,2022.10.13.,이주의 농업·산림 소식_2022101317,http://www.naeil.com/news_view/?id_art=438257,내일신문
265,2022.10.13.,"경기, 학교도서관 운영평가에서 ‘최다’ 수상",http://www.naeil.com/news_view/?id_art=438228,내일신문
266,2022.10.13.,수원 행리단길 관광테마골목 지정 후 매출 35%↑,http://www.naeil.com/news_view/?id_art=438229,내일신문
267,2022.10.12.,시화MTV에 푸르지오 단지 공급,http://www.naeil.com/news_view/?id_art=438078,내일신문
268,2022.10.06.,[전국 도서관대회] '다시 일상으로! 함께하는 도서관',http://www.naeil.com/news_view/?id_art=437693,내일신문
269,2022.10.05.,윤대통령 풍자만화 학생공모전 수상 논란,http://www.naeil.com/news_view/?id_art=437437,내일신문
270,2022.10.01.,고양 파주시에서 열리는 가을 축제,http://www.naeil.com/news_view/?id_art=437292,내일신문
271,2022.09.08.,[DMZ 평화관광] 실감콘텐츠로 DMZ 체험 … 상호작용하는 즐거움,http://www.naeil.com/news_view/?id_art=435153,내일신문
272,2022.09.07.,자율배달로봇 등 규제특례 실증,http://www.naeil.com/news_view/?id_art=434912,내일신문
273,2022.09.07.,부산에 국내 최대 반려동물 테마파크 조성,http://www.naeil.com/news_view/?id_art=434975,내일신문
274,2022.09.07.,"경기도, ‘캠프그리브스 역사공원’ 본격 추진",http://www.naeil.com/news_view/?id_art=434904,내일신문
275,2022.09.06.,군포시 '문화도시 지정' 중단 논란,http://www.naeil.com/news_view/?id_art=434838,내일신문
276,2022.09.05.,[기고] 나는 대한민국 문화 수도에 살고 있습니다,http://www.naeil.com/news_view/?id_art=434638,내일신문
277,2022.09.05.,“복사골영농조합 기업가치 1조8817억원 추정”,http://www.naeil.com/news_view/?id_art=434633,내일신문
278,2022.09.02.,3년만에 … 가을맞이 대면축제 풍성,http://www.naeil.com/news_view/?id_art=434505,내일신문
279,2022.09.01.,"[2023 대학별 수시 분석| 공주대] 종합 전형 1단계 합격자 확대, 사범대학 교과 전형 면접 폐지",http://www.naeil.com/news_view/?id_art=434479,내일신문
280,2022.08.29.,"[민선8기 단체장에게 듣는다 | 박경귀 아산시장] ""365일 주민과 소통하겠다""",http://www.naeil.com/news_view/?id_art=434032,내일신문
281,2022.08.17.,키즈카페 사고 관련 관광진흥법 개선,http://www.naeil.com/news_view/?id_art=432816,내일신문
282,2022.08.12.,"함께 쓰는 공간 ‘경기공유서비스’, 고양시 179개 파주시 71개 시설 이용 가능",http://www.naeil.com/news_view/?id_art=432573,내일신문
283,2022.08.02.,"용인시, 황준기 전 차관 제2부시장 내정",http://www.naeil.com/news_view/?id_art=431247,내일신문
284,2022.08.01.,"경기도, 대표지역축제 인지도·매력도 분석",http://www.naeil.com/news_view/?id_art=431123,내일신문
285,2022.08.01.,경기도 공공기관 22곳 108명 통합채용,http://www.naeil.com/news_view/?id_art=431124,내일신문
286,2022.07.29.,인천교통공사·전남개발공사 '최우수',http://www.naeil.com/news_view/?id_art=431007,내일신문
287,2022.07.29.,"화성시, 국가지질공원 후보지로 인증",http://www.naeil.com/news_view/?id_art=431058,내일신문
288,2022.07.29.,"경기도, 지자체 첫 ‘스포츠인권센터’ 설치",http://www.naeil.com/news_view/?id_art=430989,내일신문
289,2022.07.28.,"수원시, 대한민국 '스마트관광' 선도",http://www.naeil.com/news_view/?id_art=430838,내일신문
290,2022.07.15.,결식아동 급식연계서비스 최우수,http://www.naeil.com/news_view/?id_art=429545,내일신문
291,2022.07.07.,"""시티투어버스 타고 오산 관광하세요""",http://www.naeil.com/news_view/?id_art=428523,내일신문
292,2022.07.06.,"코로나 직격탄 맞았던 운수업, 5월 회복세 확연",http://www.naeil.com/news_view/?id_art=428383,내일신문
293,2022.07.01.,'교육도시 오산' 이끈 곽상욱 시장 퇴임,http://www.naeil.com/news_view/?id_art=427870,내일신문
294,2022.06.28.,필리핀판 '런닝맨' 경기도 관광지서 촬영,http://www.naeil.com/news_view/?id_art=427435,내일신문
295,2022.06.13.,"정명근 화성시장 당선인, ‘동서균형발전특위’ 설치",http://www.naeil.com/news_view/?id_art=425905,내일신문
296,2022.06.13.,이상일 용인특례시장 당선인 인수위 13일 출범,http://www.naeil.com/news_view/?id_art=425906,내일신문
297,2022.06.10.,알아두면 편리하다! 가까운 곳에서 제공되는 스마트 서비스,http://www.naeil.com/news_view/?id_art=425870,내일신문
298,2022.06.03.,'부동산'(수도권) '성장동력'(비수도권) 해법 찾기 주력,http://www.naeil.com/news_view/?id_art=425180,내일신문
299,2022.05.30.,'리더십 한계' 드러낸 민주당 비대위,http://www.naeil.com/news_view/?id_art=424815,내일신문
300,2022.05.23.,"경제활동재개, 창업시장 기지개",http://www.naeil.com/news_view/?id_art=424140,내일신문
301,2022.05.19.,"경기-강원, ‘군사규제 완화’ ‘한탄강 주상절리길 조성’ 맞손",http://www.naeil.com/news_view/?id_art=423727,내일신문
302,2022.05.18.,부천 직업계고 알아보기,http://www.naeil.com/news_view/?id_art=423579,내일신문
303,2022.05.10.,고급수요 증가로 생활숙박시설도 고급화,http://www.naeil.com/news_view/?id_art=422772,내일신문
304,2022.05.10.,[6.1지방선거 격전지 | 충남 천안시] 충남 제1도시 … 관료출신 맞대결,http://www.naeil.com/news_view/?id_art=422746,내일신문
305,2022.05.09.,"민주 '경기·충청', 국힘 '수도권' 공조",http://www.naeil.com/news_view/?id_art=422643,내일신문
306,2022.05.03.,역대정부 경제특구만 748개 '중복·남발',http://www.naeil.com/news_view/?id_art=422087,내일신문
307,2022.04.19.,세계청소년문화재단 '2022 대교국제조형심포지엄' 공모,http://www.naeil.com/news_view/?id_art=420542,내일신문
308,2022.04.13.,"경기도, 갯벌 생태지도 만든다",http://www.naeil.com/news_view/?id_art=420055,내일신문
309,2022.04.13.,"웨이브파크, 동서대에 발전기금 1억원 기부",http://www.naeil.com/news_view/?id_art=419979,내일신문
310,2022.04.06.,"""철도 연장 관철하자"" 손잡는 지자체들",http://www.naeil.com/news_view/?id_art=419246,내일신문
311,2022.03.31.,"[인터뷰│장복순 대가농원 대표] ""K-환경, 도농체험의 6차산업 관광단지 만들고 싶다""",http://www.naeil.com/news_view/?id_art=418708,내일신문
312,2022.03.18.,"박성수 구청장, 백제역사문화권 도시 이끈다",http://www.naeil.com/news_view/?id_art=417414,내일신문
313,2022.03.16.,"[내일의 눈] 지자체, '있는 기업'부터 지켜라",http://www.naeil.com/news_view/?id_art=417109,내일신문
314,2022.03.15.,경기도 작년 숙박관광객 절반 ‘야영·캠핑’,http://www.naeil.com/news_view/?id_art=416847,내일신문
315,2022.03.14.,"경기도, 주민참여로 에너지자립 선도",http://www.naeil.com/news_view/?id_art=416696,내일신문
316,2022.03.14.,"경기도, 올해 첫 공공기관 통합채용",http://www.naeil.com/news_view/?id_art=416699,내일신문
317,2022.03.10.,'경기국제보트쇼' 11일 개막,http://www.naeil.com/news_view/?id_art=416392,내일신문
318,2022.03.08.,'조립식 돔텐트'에서 글램핑 가능해져,http://www.naeil.com/news_view/?id_art=416316,내일신문
319,2022.03.04.,이천 산수유마을 생태관광지로,http://www.naeil.com/news_view/?id_art=415978,내일신문
320,2022.03.02.,반도체·접경지·폐광 … 손잡는 지자체들,http://www.naeil.com/news_view/?id_art=415731,내일신문
321,2022.02.25.,"경기-강원, 한탄강 지속발전 등 8건 공동 추진",http://www.naeil.com/news_view/?id_art=415326,내일신문
322,2022.02.22.,공공디자인으로 행복한 공간을,http://www.naeil.com/news_view/?id_art=414979,내일신문
323,2022.02.21.,[제20대 대선 지역공약 비교│① 수도권·강원] 재건축·GTX·규제완화 … 2600만 표심 어떻게 움직일까,http://www.naeil.com/news_view/?id_art=414766,내일신문
324,2022.02.11.,알아두면 쓸모 있는 고양 파주 생활밀착형 정보,http://www.naeil.com/news_view/?id_art=413952,내일신문
325,2022.02.08.,제2차 지방일괄이양(13개 부처 261개 사무 이양) 첫번째 문턱 넘어,http://www.naeil.com/news_view/?id_art=413368,내일신문
326,2022.01.24.,"이재명, 경기도 대규모 개발계획 쏟아냈다",http://www.naeil.com/news_view/?id_art=412204,내일신문
327,2022.01.24.,"""신문 열독률, 정부광고 집행 지표 활용 중단""",http://www.naeil.com/news_view/?id_art=412196,내일신문
328,2022.01.18.,화성 '백미항' 생태휴양지로 변신,http://www.naeil.com/news_view/?id_art=411595,내일신문
329,2022.01.18.,"화성 백미항, 경기도 첫 어촌뉴딜300 준공",http://www.naeil.com/news_view/?id_art=411619,내일신문
330,2022.01.13.,기관장 없는 공공기관 '비상경영체제'로,http://www.naeil.com/news_view/?id_art=411195,내일신문
331,2022.01.12.,백군기 용인시장 “‘글로벌 반도체 도시’로 도약”,http://www.naeil.com/news_view/?id_art=411124,내일신문
332,2022.01.05.,정장선 평택시장 “‘100만 도시’ 도약의 원년으로”,http://www.naeil.com/news_view/?id_art=410266,내일신문
333,2022.01.04.,"2022년, 우리 생활 이렇게 달라져요!",http://www.naeil.com/news_view/?id_art=410246,내일신문
334,2022.01.03.,"이재명 떠난 경기도, 산하기관장 공백 장기화",http://www.naeil.com/news_view/?id_art=410004,내일신문
335,2022.10.19.,검찰 “유동규 석방 약속하거나 회유한 적 없다”,https://www.donga.com/news/article/all/20221019/116035780/2,동아일보
336,2022.10.19.,檢 “민주연구원 압수수색은 적법…물리적 저지 중단해야”,https://www.donga.com/news/article/all/20221019/116035373/2,동아일보
337,2022.10.19.,"[단독]“‘이재명 최측근’ 김용, 대선자금 8억 받아…유동규에 20억 요구”",https://www.donga.com/news/article/all/20221019/116027716/1,동아일보
338,2022.10.06.,"‘문체부, 尹 풍자만화 경고’ 놓고… 野 “블랙리스트” 박보균 “정치색 문제”",https://www.donga.com/news/article/all/20221006/115819328/1,동아일보
339,2022.10.05.,‘윤석열차’ 공방… 野 “블랙리스트 연상” 박보균 “공모전 정치색 문제”,https://www.donga.com/news/article/all/20221005/115816320/1,동아일보
340,2022.10.04.,"‘윤석열차’ 풍자 만화에…문체부 “세금 102억 지원, 엄중 경고”",https://www.donga.com/news/article/all/20221004/115789908/2,동아일보
341,2022.10.04.,"조종석엔 김건희, 칼 든 검사들…고교생이 그린 ‘윤석열차’ 논란",https://www.donga.com/news/article/all/20221004/115776753/2,동아일보
342,2022.10.04.,"[단독]농협은행, 성남FC에 2014년 이후 51억 후원… 체육단체 중 최다",https://www.donga.com/news/article/all/20221004/115775302/1,동아일보
343,2022.09.14.,자작나무 배경 ‘BTS 포즈’… 단풍 물결에 가을정취 만끽,https://www.donga.com/news/article/all/20220913/115435582/1,동아일보
344,2022.09.08.,파주 민통선안 ‘캠프 그리브스 역사공원’ 내달 착공,https://www.donga.com/news/article/all/20220907/115365962/1,동아일보
345,2022.09.07.,"“충남 서북부, 한국판 실리콘밸리로 충청권 지방은행 임기내 꼭 만들것”",https://www.donga.com/news/article/all/20220907/115344535/1,동아일보
346,2022.08.17.,집중호우에 문화재 58곳 피해…성곽 붕괴되고 봉분 무너져,https://www.donga.com/news/article/all/20220817/114990440/2,동아일보
347,2022.08.12.,대한민국 여행박람회서 ‘경기관광 홍보관’ 운영,https://www.donga.com/news/article/all/20220812/114924767/1,동아일보
348,2022.08.01.,수원대 글로벌창업대학원 “실전 교육으로 창업 성공을 이끌 인재 배출”,https://www.donga.com/news/article/all/20220801/114751746/1,동아일보
349,2022.07.27.,신나는 여름방학엔 ‘체험여행’이 제맛,https://www.donga.com/news/article/all/20220727/114671484/1,동아일보
350,2022.07.26.,AI가 짜 주는 여행일정...관광 앱 '터치수원' 써 보니,https://www.donga.com/news/article/all/20220726/114667357/1,동아일보
351,2022.07.19.,"“인천, 홍콩 탈출한 글로벌 기업들 유치… ‘뉴홍콩시티’로 만들 것”",https://www.donga.com/news/article/all/20220719/114516517/1,동아일보
352,2022.07.07.,"경기도, 내달까지 워터파크 7곳 안전점검",https://www.donga.com/news/article/all/20220707/114329380/1,동아일보
353,2022.07.04.,주말 강릉선 일부 열차 ‘무정차’…2시간→1시간 40분 단축,https://www.donga.com/news/article/all/20220704/114278669/2,동아일보
354,2022.06.29.,"배우고 체험하고 여행 재미까지… 여름휴가, ‘산업관광’ 떠나볼까",https://www.donga.com/news/article/all/20220629/114190336/1,동아일보
355,2022.06.27.,“아이 손잡고… 한강서 수영 즐기니 행복”,https://www.donga.com/news/article/all/20220627/114150660/1,동아일보
356,2022.06.26.,“3년 만에 손녀와 수영장 찾아”…무더위로 물놀이 명소에 인파 몰려,https://www.donga.com/news/article/all/20220626/114148938/1,동아일보
357,2022.06.20.,"동국대 캠퍼스사업단 전병훈 단장, “지역을 넘어 지방, 세계로 확대할 수 있는 허브를 생각합니다”",https://www.donga.com/news/article/all/20220620/114009816/1,동아일보
358,2022.05.30.,"이준석 “李 김포공항 이전, 동탄 민주 후보는 직행버스 신설 추진?”",https://www.donga.com/news/article/all/20220530/113691896/2,동아일보
359,2022.05.29.,"CEO 은퇴한 60대, 교사가 되다 [서영아의 100세 카페]",https://www.donga.com/news/article/all/20220528/113672125/1,동아일보
360,2022.05.28.,30년 경험 살려 일자리 찾아주는 ‘취업 마스터’… “내 인생 가장 큰 보람”[서영아의 100세 카페],https://www.donga.com/news/article/all/20220528/113664753/1,동아일보
361,2022.05.23.,‘힐링-안심의 고장’ 주제로 드라이브-먹거리-축제 준비,https://www.donga.com/news/article/all/20220521/113516394/1,동아일보
362,2022.05.20.,"경기도, 이동식 ‘관광 홍보관’ 운영… 내일부터 서울 등 전국 40곳 방문",https://www.donga.com/news/article/all/20220520/113497273/1,동아일보
363,2022.05.19.,강원-경기 손잡고 한탄강 주상절리길 조성 나선다,https://www.donga.com/news/article/all/20220518/113474249/1,동아일보
364,2022.05.16.,尹 취임 만찬에도 올랐다… 홍천-양평-무주-영동-사천 ‘와인 香’,https://www.donga.com/news/article/all/20220515/113410537/1,동아일보
365,2022.05.15.,尹 취임식 만찬에도 등장했다…‘국산 와인’ 뜨는 이유는?,https://www.donga.com/news/article/all/20220515/113404297/1,동아일보
366,2022.05.04.,"[스타트업-ing] 주식회사 마이브 김종배 대표, “초소형전기차 ‘마이브’는 여전히 달리고 있습니다”",https://www.donga.com/news/article/all/20220504/113239792/1,동아일보
367,2022.04.27.,연극부터 국악까지… 경기 축제 기지개,https://www.donga.com/news/article/all/20220426/113096656/1,동아일보
368,2022.04.19.,"고양시, 4개 권역 나눠 균형발전 청사진 제시",https://www.donga.com/news/article/all/20220418/112954363/1,동아일보
369,2022.04.11.,"건설사 상위 5곳, 2분기 2만5000가구 분양",https://www.donga.com/news/article/all/20220411/112796354/2,동아일보
370,2022.04.07.,"파주 반환 미군기지 ‘캠프 그리브스’, 역사공원 만든다",https://www.donga.com/news/article/all/20220407/112734579/1,동아일보
371,2022.03.29.,[스케일업] 딥파인(1) 남과 다른 미래 그려 XR 업계 ‘두드러진 언더독’ 돼라,https://www.donga.com/news/article/all/20220329/112592627/1,동아일보
372,2022.03.17.,"이재명, 낙선인사 중 숨진 당원 조문…대선후 첫 외부행보",https://www.donga.com/news/article/all/20220317/112373005/2,동아일보
373,2022.03.14.,"[주간투자동향] 클릭브랜즈, 1,200억 원 규모의 투자 유치",https://www.donga.com/news/article/all/20220314/112329367/1,동아일보
374,2022.03.01.,[인사]한국연구재단 우주기술단장 이복직씨 外,https://www.donga.com/news/article/all/20220228/112089263/1,동아일보
375,2022.02.22.,"한수원 신규양수 3개소 건설, 공공기관 예비타당성조사 ‘동시 통과’",https://www.donga.com/news/article/all/20220222/111976637/2,동아일보
376,2022.02.19.,“호남 민심 잡고 조상의 뿌리 찾으리라”… 태종 이방원의 ‘고향행차’,https://www.donga.com/news/article/all/20220218/111902510/1,동아일보
377,2022.02.16.,"대구 달성군, 맞춤형 출산-보육정책으로 ‘인구 30만명 시대’ 앞당긴다",https://www.donga.com/news/article/all/20220215/111816292/1,동아일보
378,2022.01.28.,"“열독률 조사, 신문 절반 넘게 구독하는 영업장 빠져 문제”",https://www.donga.com/news/article/all/20220128/111488146/1,동아일보
379,2022.01.25.,“영업장 빠진 반쪽짜리 열독률 조사… 정부광고 집행기준 활용 중단해야”,https://www.donga.com/news/article/all/20220125/111416597/1,동아일보
380,2022.01.25.,[사설]언론단체들이 성토하는 ‘엉터리 열독률 조사’ 책임 물어야,https://www.donga.com/news/article/all/20220124/111416007/1,동아일보
381,2022.01.18.,“손자만은 험한 일 안 하길”…이주민을 위한 사다리는 없다[히어로콘텐츠/공존],https://www.donga.com/news/Society/article/all/20220118/111301794/1,동아일보
382,2022.01.13.,대규모 관광단지·테마파크 옆 신규 분양 ‘활기’,https://www.donga.com/news/article/all/20220113/111226877/1,동아일보
383,2022.01.12.,"수원-고양-용인-창원, 내일부터 ‘특례시’",https://www.donga.com/news/article/all/20220112/111202658/1,동아일보
384,2022.01.05.,서평택권 新주거타운 화양지구서 ‘평택화양 휴먼빌 퍼스트시티’ 2월 분양,https://www.donga.com/news/article/all/20220105/111103481/1,동아일보
385,2022.01.01.,"아내 잃은 슬픔, 보디빌딩으로 극복한 근육맨[양종구의 100세 시대 건강법]",https://www.donga.com/news/article/all/20220101/111046975/1,동아일보
386,2022.01.01.,[인사]법무부 外,https://www.donga.com/news/article/all/20220101/111041193/1,동아일보
387,2022.12.09.,"여주시, '올바른 쓰레기 분리배출' 동영상 홍보",http://www.m-i.kr/news/articleView.html?idxno=970829,매일일보
388,2022.12.08.,"파주 광탄 전통시장, '티키타카 라이브커머스' 성료… 직거래 할인가 '고객몰이'",http://www.m-i.kr/news/articleView.html?idxno=970594,매일일보
389,2022.12.07.,해외로 다시 뛰는 부천…코로나19 뚫고 수출-관광 도약 기지개,http://www.m-i.kr/news/articleView.html?idxno=970218,매일일보
390,2022.12.07.,여주 도자기 공동 브랜드 '나날' 신제품 발표회 개최,http://www.m-i.kr/news/articleView.html?idxno=970169,매일일보
391,2022.12.07.,"경기광주시문화재단, 한국-베트남 수교 30주년 '베트남의 날' 특별 공연",http://www.m-i.kr/news/articleView.html?idxno=970165,매일일보
392,2022.12.06.,"연천군, 군정 효율성 제고 '현장행정' 구현",http://www.m-i.kr/news/articleView.html?idxno=969895,매일일보
393,2022.12.06.,"이천시의회, 청소년 인프라 구축 연구 용역 최종보고회 개최",http://www.m-i.kr/news/articleView.html?idxno=969861,매일일보
394,2022.12.06.,"여주시, 물의정원 조성 기본구상 연구용역 중간보고회 개최",http://www.m-i.kr/news/articleView.html?idxno=969839,매일일보
395,2022.12.05.,"화성팔탄민요 보존회, 현판식 및 제1회 정기발표회 개최",http://www.m-i.kr/news/articleView.html?idxno=969419,매일일보
396,2022.12.05.,"현대엔지니어링, 1571가구 '힐스테이트 평택 화양' 분양",http://www.m-i.kr/news/articleView.html?idxno=969409,매일일보
397,2022.12.05.,"하나카드, '전국 스키장' 할인 이벤트 진행",http://www.m-i.kr/news/articleView.html?idxno=969405,매일일보
398,2022.12.02.,"화성시, 평생교육 중장기 종합발전계획 최종보고회 개최",http://www.m-i.kr/news/articleView.html?idxno=968941,매일일보
399,2022.12.02.,"부천 시정소식지 '복사골부천', 2022 대한민국 커뮤니케이션 대상 수상",http://www.m-i.kr/news/articleView.html?idxno=968932,매일일보
400,2022.12.01.,"'고양특례시 1호' 글로벌 기업 유치…이동환 시장 ""경제특례시 도약에 날개 달아""",http://www.m-i.kr/news/articleView.html?idxno=968697,매일일보
401,2022.11.25.,"강진 해남윤씨 영모당, 추원당, 고흥 여산송씨 쌍충 정려각 3건 국가 보물 승격",http://www.m-i.kr/news/articleView.html?idxno=967187,매일일보
402,2022.11.24.,"안성시, 온실가스 저감을 위한 '2022년 안성형 그린뉴딜 성과보고회' 개최",http://www.m-i.kr/news/articleView.html?idxno=966765,매일일보
403,2022.11.23.,여주세종문화재단 → 여주세종문화관광재단으로 새 출범,http://www.m-i.kr/news/articleView.html?idxno=966618,매일일보
404,2022.11.22.,"평택시, 음악과 함께하는 원평동 골목길 투어 시작",http://www.m-i.kr/news/articleView.html?idxno=966278,매일일보
405,2022.11.22.,"화성시, 내년 예산 역대 최대 3조1천억 원…올해 대비 5.9% 증가",http://www.m-i.kr/news/articleView.html?idxno=966234,매일일보
406,2022.11.22.,"고양특례시, 2023년도 예산안 2조 9963억 원 편성",http://www.m-i.kr/news/articleView.html?idxno=966166,매일일보
407,2022.11.22.,"안양시, '2022 올해의 SNS' 유튜브 부문 2년 연속 '최우수상'",http://www.m-i.kr/news/articleView.html?idxno=966103,매일일보
408,2022.11.22.,"오산오색시장, 제3회 오색 김장대잔치 성료",http://www.m-i.kr/news/articleView.html?idxno=966015,매일일보
409,2022.11.22.,"평택시 내년 예산 2조 2,419억원 편성…전년 대비 11.2% 증가",http://www.m-i.kr/news/articleView.html?idxno=966016,매일일보
410,2022.11.21.,"이천시, 예술인 간담회 참석자 모집",http://www.m-i.kr/news/articleView.html?idxno=965931,매일일보
411,2022.11.21.,"포천시, 2023년도 예산안 9,629억 원 편성",http://www.m-i.kr/news/articleView.html?idxno=965815,매일일보
412,2022.11.17.,"이천시, 불법 현수막 정비…깨끗한 거리 만든다",http://www.m-i.kr/news/articleView.html?idxno=965205,매일일보
413,2022.11.17.,"부천시-일본 오카야마시, 우호교류증진합의서 체결",http://www.m-i.kr/news/articleView.html?idxno=964975,매일일보
414,2022.11.17.,"화성시, 제12회 화성 뱃놀이 축제 결과보고회 개최",http://www.m-i.kr/news/articleView.html?idxno=964978,매일일보
415,2022.11.16.,"연천군, '민선8기 공약이행평가단 위촉식 및 공약보고회' 개최",http://www.m-i.kr/news/articleView.html?idxno=964887,매일일보
416,2022.11.16.,"김미정 경기도의원, ""도내 공기업 경영평가 하락에 대한 책임 물어야""",http://www.m-i.kr/news/articleView.html?idxno=964853,매일일보
417,2022.11.16.,국내 최대 콩 축제 '파주 장단콩축제'…성인병 예방 식품으로 손꼽혀,http://www.m-i.kr/news/articleView.html?idxno=964780,매일일보
418,2022.11.15.,"김경일 파주시장, 마장호수 순환형 산책로 최종 점검",http://www.m-i.kr/news/articleView.html?idxno=964370,매일일보
419,2022.11.15.,"아난티, 3분기 역대 최고 실적…영업익 전년比 122%↑",http://www.m-i.kr/news/articleView.html?idxno=964391,매일일보
420,2022.11.14.,"부천시, 4대 국제문화축제 대면 개최 성공…'이제는 산업으로'",http://www.m-i.kr/news/articleView.html?idxno=964019,매일일보
421,2022.11.14.,"광명시, 사회적경제 역량 강화 워크숍 진행",http://www.m-i.kr/news/articleView.html?idxno=963913,매일일보
422,2022.11.11.,"부천시, 2022 대한민국 지방자치 경영대전 '대통령상' 수상 영예",http://www.m-i.kr/news/articleView.html?idxno=963733,매일일보
423,2022.11.10.,"연천군시설관리공단, 세계캠핑체험존 '연동 화재 관제시스템' 구축",http://www.m-i.kr/news/articleView.html?idxno=963249,매일일보
424,2022.11.10.,"화성시, 해안 군사철조망 전구간 철거",http://www.m-i.kr/news/articleView.html?idxno=963136,매일일보
425,2022.11.10.,"한채훈 의왕시의원, 장애인시설팀 신설…의왕시 조직개편안 환영",http://www.m-i.kr/news/articleView.html?idxno=963133,매일일보
426,2022.11.09.,"포천시, 38선 평화공원 조성 용역 합동 최종보고회 개최",http://www.m-i.kr/news/articleView.html?idxno=962922,매일일보
427,2022.11.09.,"포천시, 38선 평화공원 조성 용역 합동 최종보고회 개최",http://www.m-i.kr/news/articleView.html?idxno=962922,매일일보
428,2022.11.09.,"파주시, 불특정 다수 운집 행사·축제 안전관리 강화",http://www.m-i.kr/news/articleView.html?idxno=962938,매일일보
429,2022.11.09.,"의왕시, 민선8기 조직개편안 입법예고",http://www.m-i.kr/news/articleView.html?idxno=962976,매일일보
430,2022.11.04.,"평택시, '2022년 혁신-협업 우수사례 경진대회' 개최",http://www.m-i.kr/news/articleView.html?idxno=961904,매일일보
431,2022.11.04.,"北, 하루종일 미사일·포 발사…야간에도 80여발 동해상 포사격",http://www.m-i.kr/news/articleView.html?idxno=961805,매일일보
432,2022.11.03.,"용인특례시, 반도체 전담 지원 '신성장전략국' 신설",http://www.m-i.kr/news/articleView.html?idxno=961627,매일일보
433,2022.10.31.,활력 있는 자족도시를 향해…경제-산업으로 다시 뛰는 부천,http://www.m-i.kr/news/articleView.html?idxno=960605,매일일보
434,2022.10.28.,"전남도-경기도, 수도권․지방 공존․공영 맞손",http://www.m-i.kr/news/articleView.html?idxno=960239,매일일보
435,2022.10.26.,"김성제 의왕시장, 2022 자랑스러운 한국인 대상 수상",http://www.m-i.kr/news/articleView.html?idxno=959778,매일일보
436,2022.10.20.,"시흥시, 아쿠아펫랜드 준공...관상어 산업 활성화할 새로운 도약",http://www.m-i.kr/news/articleView.html?idxno=958218,매일일보
437,2022.10.20.,고양특례시 '2022 고양관광특구 페스티벌' 개최,http://www.m-i.kr/news/articleView.html?idxno=958189,매일일보
438,2022.10.14.,"수원특례시, 수원컨벤션센터 중심 광교 일원 '국제회의복합지구' 지정 추진",http://www.m-i.kr/news/articleView.html?idxno=956949,매일일보
439,2022.10.11.,"경기도의회, 마스코트 '소원이' 한류 퍼레이드 참가",http://www.m-i.kr/news/articleView.html?idxno=956036,매일일보
440,2022.10.10.,"강기정 시장, '듣는다 우체통' 시민 목소리에 답하다",http://www.m-i.kr/news/articleView.html?idxno=955824,매일일보
441,2022.10.10.,"민선8기 '이상일용인', 실현-화협-융성의 확 바뀐 100일",http://www.m-i.kr/news/articleView.html?idxno=955781,매일일보
442,2022.10.07.,"경기도의회 황대호 의원, 18세 미만 아동‧청소년 놀 권리 보장",http://www.m-i.kr/news/articleView.html?idxno=955641,매일일보
443,2022.10.06.,"LH, 이달 전국 분양·임대주택 1046가구 입주자 모집",http://www.m-i.kr/news/articleView.html?idxno=955193,매일일보
444,2022.10.05.,"청산 해양치유공원, 슬로시티의 새로운 치유관광 명소 각광",http://www.m-i.kr/news/articleView.html?idxno=954899,매일일보
445,2022.10.04.,"완도군, 국립해양수산박물관 유치 염원 전국으로 확산",http://www.m-i.kr/news/articleView.html?idxno=954643,매일일보
446,2022.10.04.,[전문가 기고] 마포 소각장 준공영제로 위기대응 해야,http://www.m-i.kr/news/articleView.html?idxno=954498,매일일보
447,2022.09.30.,2022 안성맞춤 남사당 바우덕이 축제…30일 개막,http://www.m-i.kr/news/articleView.html?idxno=954202,매일일보
448,2022.09.30.,"경기도, 충청남도와 상생협력 업무협약 체결",http://www.m-i.kr/news/articleView.html?idxno=954061,매일일보
449,2022.09.20.,"용인특례시 등 '특례시 권한' 법 개정, 한 걸음 내딛다",http://www.m-i.kr/news/articleView.html?idxno=951214,매일일보
450,2022.09.19.,"양평군, 경기도특별조정교부금 35억 확보...양평 도서문화센터 건립사업 등 6개 사업",http://www.m-i.kr/news/articleView.html?idxno=951154,매일일보
451,2022.09.19.,"경기도, 태국 팸투어 진행... 동남아 관광객 본격 유치",http://www.m-i.kr/news/articleView.html?idxno=950912,매일일보
452,2022.08.17.,"""호남권 최초""…신세계그룹, 광주에 스타필드·백화점 개발 동시 추진",http://www.m-i.kr/news/articleView.html?idxno=942962,매일일보
453,2022.07.26.,"파주 육계토성, 백제 초기 성곽으로 밝혀져",http://www.m-i.kr/news/articleView.html?idxno=937675,매일일보
454,2022.07.25.,"남양주시 수어통역센터, 수어로 소통하는 꿈의학교…즉흥극 '나의 이야기극장' 대학로 나들이",http://www.m-i.kr/news/articleView.html?idxno=937210,매일일보
455,2022.07.21.,"충남도, 220만과의 약속, 이행 속도 높인다",http://www.m-i.kr/news/articleView.html?idxno=936576,매일일보
456,2022.07.20.,"용인시, 숨은 명소 탐방부터 일상 속 힐링까지 '인기'",http://www.m-i.kr/news/articleView.html?idxno=935838,매일일보
457,2022.07.14.,[기획] '용인시 직장운동경기부' 경기도종합체육대회 금빛 질주 시동,http://www.m-i.kr/news/articleView.html?idxno=934315,매일일보
458,2022.07.12.,"北 개성공단 무단가동...정부 ""조치 검토""",http://www.m-i.kr/news/articleView.html?idxno=933757,매일일보
459,2022.07.07.,"백영현 포천시장의 '더 큰 포천, 더 큰 행복'",http://www.m-i.kr/news/articleView.html?idxno=932648,매일일보
460,2022.07.07.,"철원 한탄강, 유네스코 세계지질공원 인증 2주년",http://www.m-i.kr/news/articleView.html?idxno=932576,매일일보
461,2022.07.03.,가평군수직 인수위원회 '북한강 자전거길 태양광 발전사업'...절차상 문제 제기,http://www.m-i.kr/news/articleView.html?idxno=931252,매일일보
462,2022.07.02.,민선8기 백영현 포천시장 취임식 개최..포천반월아트홀서,http://www.m-i.kr/news/articleView.html?idxno=931111,매일일보
463,2022.06.15.,"민선8기 화성시장직 인수위원회, 주요업무 보고 시작",http://www.m-i.kr/news/articleView.html?idxno=926960,매일일보
464,2022.06.13.,"이상일 용인특례시장 당선인 인수위원회, 과제 TF단 인선 발표…13일 출범",http://www.m-i.kr/news/articleView.html?idxno=925953,매일일보
465,2022.05.25.,[D-7지방선거] 두바이식 개발·수도권 1시간 철도생활…쏟아지는 개발 공약,http://www.m-i.kr/news/articleView.html?idxno=922095,매일일보
466,2022.05.23.,"김은혜 경기도지사 후보, '경기북부 번영 시대' 5대 핵심 공약 발표",http://www.m-i.kr/news/articleView.html?idxno=921193,매일일보
467,2022.05.12.,"국민의힘 전진선 양평군수 후보, 주요공약 5가지 발표…'대학생 MT 메카 도시' 공약",http://www.m-i.kr/news/articleView.html?idxno=917602,매일일보
468,2022.05.10.,"박윤국 포천시장 후보, 선거사무소 개소식…""더 높이 도약하기 위해 최선 다할 것""",http://www.m-i.kr/news/articleView.html?idxno=917816,매일일보
469,2022.05.08.,"김은혜 경기도지사-주광덕 남양주시장 후보, 교통·스마트 성장 등 7대 분야 연계협력 공약 공동 추진",http://www.m-i.kr/news/articleView.html?idxno=917087,매일일보
470,2022.05.08.,"국민의힘 백경현 구리시장 후보 ""본격적인 선거운동 돌입""",http://www.m-i.kr/news/articleView.html?idxno=917084,매일일보
471,2022.05.04.,"스토리텔링 가득한 새 관광도시 오산…""오산관광 이젠 1박 2일로 오세요""",http://www.m-i.kr/news/articleView.html?idxno=916757,매일일보
472,2022.04.29.,"[6ㆍ1지방선거] 김진영 해운대구청장 예비후보 ""해운대의 '철의 여인'이 되겠다""",http://www.m-i.kr/news/articleView.html?idxno=915331,매일일보
473,2022.04.21.,"LG전자 클로이 로봇, 호텔 비대면 서비스 수요 잡는다",http://www.m-i.kr/news/articleView.html?idxno=913314,매일일보
474,2022.04.12.,"숲과 물의 도시 포천, 江 르네상스 이끈다",http://www.m-i.kr/news/articleView.html?idxno=910923,매일일보
475,2022.04.12.,"경기도, '경기갯벌 생태조사' 진행…갯벌 생태지도 제작",http://www.m-i.kr/news/articleView.html?idxno=910919,매일일보
476,2022.04.08.,"경기도, 역사문화자원과 스토리를 엮은 지역관광 콘텐츠 3곳 선정",http://www.m-i.kr/news/articleView.html?idxno=910138,매일일보
477,2022.04.04.,"문경희 경기도의회 부의장, 남양주시장 출마 선언 ""남양주 대전환 시대를 여는 시장이 되겠다""",http://www.m-i.kr/news/articleView.html?idxno=909024,매일일보
478,2022.03.30.,"국민의힘 박형덕 전 경기도의원, 동두천시장 출마 선언",http://www.m-i.kr/news/articleView.html?idxno=908013,매일일보
479,2022.02.28.,"경북도, 올해도 소상공인·전통시장 살리기에 총력대응",http://www.m-i.kr/news/articleView.html?idxno=901274,매일일보
480,2022.02.23.,"파주시, 똑똑한 농촌 만들기 총력",http://www.m-i.kr/news/articleView.html?idxno=900154,매일일보
481,2022.02.16.,"용인시, 전통한옥 브랜드화 공모사업 3년 연속 선정",http://www.m-i.kr/news/articleView.html?idxno=898481,매일일보
482,2022.02.13.,코로나가 갈라놓은 상업용 부동산 희비… 상가는 '뚝' 오피스텔은 '쑥',http://www.m-i.kr/news/articleView.html?idxno=897724,매일일보
483,2022.02.07.,"김포시, 73만8천 대도시 청사진 나왔다…2035년 도시기본계획 최종 승인",http://www.m-i.kr/news/articleView.html?idxno=896264,매일일보
484,2022.02.03.,"경기 양주 회암사지 왕실축제, 2022 경기관광축제 선정…유네스코 세계유산 잠정목록 등재까지 '겹경사'",http://www.m-i.kr/news/articleView.html?idxno=895519,매일일보
485,2022.01.28.,"남한산성문화제·광주왕실도자기축제, 2022년 경기관광축제 선정",http://www.m-i.kr/news/articleView.html?idxno=895131,매일일보
486,2022.01.27.,"화성뱃놀이축제와 정조효문화제, 경기관광축제에 선정돼",http://www.m-i.kr/news/articleView.html?idxno=894931,매일일보
487,2022.01.27.,"[인터뷰] 강병국 양평공사 신임 사장 ""지속가능한 경영 기틀 확보할 것""",http://www.m-i.kr/news/articleView.html?idxno=894893,매일일보
488,2022.01.27.,"동두천시, Rock Festival 2022년 경기관광 축제 선정",http://www.m-i.kr/news/articleView.html?idxno=894768,매일일보
489,2022.01.18.,"화성시 백미항, 생태휴양지로 다시 태어나다",http://www.m-i.kr/news/articleView.html?idxno=892018,매일일보
490,2022.01.13.,"고양, 100만 특례시 출범선포식 개최…행정·재정권한·복지향상 기대",http://www.m-i.kr/news/articleView.html?idxno=891110,매일일보
491,2022.01.13.,"최대호 안양시장, 12일 유튜브로 민선7기 성과·금년 5대 비전 밝혀",http://www.m-i.kr/news/articleView.html?idxno=890903,매일일보
492,2022.01.11.,"용인시 ""2022년 특례시 원년 글로벌 반도체 도시 도약할 것""",http://www.m-i.kr/news/articleView.html?idxno=890536,매일일보
493,2022.01.04.,"최종환 파주시장 2022년 파주, 더 살기 좋은 도시로 성장 야심찬 계획 밝혀",http://www.m-i.kr/news/articleView.html?idxno=888844,매일일보
494,2022.01.04.,"평택시, 2022년 100만 도시 발전-도약의 원년",http://www.m-i.kr/news/articleView.html?idxno=888804,매일일보
495,2022.01.03.,"최대호 안양시장, 2022년도 신년사 시민건강을 최우선 과제로...5대 비전 제시",http://www.m-i.kr/news/articleView.html?idxno=888335,매일일보
496,2022.11.14.,"<사설>친북 활동에 세월호 지원비, 수사로 요지경 전모 밝히라",http://www.munhwa.com/news/view.html?no=2022111401073111000003,문화일보
497,2022.11.02.,北 미사일 도발에 경기북부 안보관광 ‘전면 중단’,http://www.munhwa.com/news/view.html?no=2022110201039927218001,문화일보
498,2022.10.30.,서울시 “낮 12시 기준 이태원 핼러윈 참사 실종 접수 2642건”,http://www.munhwa.com/news/view.html?no=2022103001039927307001,문화일보
499,2022.10.28.,"전남도-경기도, 수도권·지방 공존위해 상생 협력",http://www.munhwa.com/news/view.html?no=2022102801039927306002,문화일보
500,2022.10.27.,‘심심했던 호찌민’ 옆 바닷가… ‘숨어있던 보석 호짬’ 열렸다,http://www.munhwa.com/news/view.html?no=2022102701032812048001,문화일보
501,2022.10.26.,복합개발 · 관광특구 성과 공유 … “민간 · 공공 힘 합쳐 도시 재창조”,http://www.munhwa.com/news/view.html?no=2022102601031227271001,문화일보
502,2022.10.25.,“국군포로 참전용사 ‘귀환용사’로 예우…국군포로 추모시설 건립”,http://www.munhwa.com/news/view.html?no=2022102501039930114005,문화일보
503,2022.10.25.,<시평>‘정치-조폭 공생’ 발본색원 절박하다,http://www.munhwa.com/news/view.html?no=2022102501033011000002,문화일보
504,2022.10.21.,체포된 ‘이재명 최측근’ 김용… 7개월 만에 물러난 남궁훈,http://www.munhwa.com/news/view.html?no=2022102101032439308001,문화일보
505,2022.10.20.,전국 자전거 동호인 1000명 양구 DMZ 달린다,http://www.munhwa.com/news/view.html?no=2022102001039927045001,문화일보
506,2022.10.18.,쌍방울 ‘대북사업 대가’ 평양서 직접 돈 전달 정황,http://www.munhwa.com/news/view.html?no=2022101801070321305001,문화일보
507,2022.10.18.,"<사설>쌍방울·이화영 ‘대북 거래’ 의혹 증폭, 뒷배 없었겠나",http://www.munhwa.com/news/view.html?no=2022101801073111000005,문화일보
508,2022.10.13.,"“이재명, 경기지사 때 ‘친이 팟캐스트’에 광고비 몰아줘”",http://www.munhwa.com/news/view.html?no=2022101301070427333001,문화일보
509,2022.09.29.,"충남·경기, 아산만 메가시티 함께 만든다",http://www.munhwa.com/news/view.html?no=2022092901039927102002,문화일보
510,2022.09.24.,‘10월에는 수원화성으로’…4대 문화제 망라한 ‘힐링폴링 수원화성’ 열려,http://www.munhwa.com/news/view.html?no=2022092401039910042001,문화일보
511,2022.09.06.,기자·공직자 떠나 호형호제… 그곳서 만나 거나하게 술한잔 하세,http://www.munhwa.com/news/view.html?no=2022090601032836000001,문화일보
512,2022.09.04.,"힌남노, 5일 오전 ‘매우 강한 태풍’으로 상륙…제주·부산 ‘긴장’",http://www.munhwa.com/news/view.html?no=20220904MW113423501861,문화일보
513,2022.08.29.,"“아산 베이밸리, 첨단 산업단지화… 충청 100년 먹거리 만들 것”",http://www.munhwa.com/news/view.html?no=2022082901031030123001,문화일보
514,2022.08.17.,“세계 최고 쇼핑 테마파크로 호남 공략”,http://www.munhwa.com/news/view.html?no=2022081701071730124001,문화일보
515,2022.08.03.,잇단 소송에 현안 밀린 지자체들… 광주 122건 진행중,http://www.munhwa.com/news/view.html?no=2022080301031018361001,문화일보
516,2022.07.26.,"“DMZ 트레킹, 생태평화센터 관람… ‘접경지 관광’ 오세요”",http://www.munhwa.com/news/view.html?no=2022072601031227332001,문화일보
517,2022.07.25.,"파주시, 한반도 생태평화 종합관광센터 시범 운영에 들어가",http://www.munhwa.com/news/view.html?no=2022072501039927101002,문화일보
518,2022.07.21.,"경기도, 미활용 군용지 활용방안 모색에 나서",http://www.munhwa.com/news/view.html?no=2022072101039927101001,문화일보
519,2022.07.18.,"“인천, 무한발전 가능성… 영종·강화·송도·청라에 ‘뉴 홍콩시티’ 조성”",http://www.munhwa.com/news/view.html?no=2022071801031227318001,문화일보
520,2022.07.18.,"민선 8기 지방자치단체들, 반환 미군기지 첨단기업유치 등 본격적인 개발에 나서",http://www.munhwa.com/news/view.html?no=2022071501039927101001,문화일보
521,2022.07.15.,"민선 8기 지방자치단체들, 반환 미군기지 첨단기업유치 등 본격적인 개발에 나서",http://www.munhwa.com/news/view.html?no=20220715MW154742194331,문화일보
522,2022.06.30.,"코로나19로 멈췄던 평택항 안내선, 2년 만에 다시 ‘힘찬 뱃고동’",http://www.munhwa.com/news/view.html?no=2022063001039927042001,문화일보
523,2022.06.30.,내일 민선8기 출범…부동산 안정·일자리 창출‘역점’,http://www.munhwa.com/news/view.html?no=2022063001031227271001,문화일보
524,2022.06.18.,유네스코 세계지질공원 ‘한탄강 주상절리길’ 올연말 개통 관광명소 부상,http://www.munhwa.com/news/view.html?no=20220618MW082710342624,문화일보
525,2022.06.08.,"“농촌관광 우수마을, 독자적 비즈니스 키우게 지원해야”",http://www.munhwa.com/news/view.html?no=2022060801032121087002,문화일보
526,2022.05.31.,국힘 “최소 9곳 목표… 경기 이기면 ‘지방선거 승리’ 여길것”,http://www.munhwa.com/news/view.html?no=2022053101070527333002,문화일보
527,2022.05.26.,"野, 판세 불리하자 원로까지 나서… 與 “낙관은 금물” 경계령",http://www.munhwa.com/news/view.html?no=2022052601030830322001,문화일보
528,2022.05.23.,포천시 ‘드론 클러스터’ 조성… 5년간 100억 투입,http://www.munhwa.com/news/view.html?no=2022052301071227101001,문화일보
529,2022.05.18.,"경기도·강원도, 군사 규제 완화 및 한탄강 주상절리길 조성에 공동 협력하기로",http://www.munhwa.com/news/view.html?no=20220518MW171013257512,문화일보
530,2022.05.12.,"6·1지방선거 고위 공무원 출신 기초단체장 후보들, 교통·복지 등 생활밀착 공약 집중 공략",http://www.munhwa.com/news/view.html?no=20220512MW163926169776,문화일보
531,2022.05.09.,지자체 상생협력 사업 2題…남이·자라섬 ‘수변 관광특구’ 육성,http://www.munhwa.com/news/view.html?no=2022050901070927332001,문화일보
532,2022.05.02.,"박윤국 포천시장, 광역철도·고속도로 완성 ‘새로운 시작, 비상하는 포천’ 행운의 도시로 발전",http://www.munhwa.com/news/view.html?no=20220502MW181408530426,문화일보
533,2022.04.29.,"김광철 경기 연천군수, 국민의힘 탈당 무소속 출마선언 “폐기물 매립시설 끝까지 막아낼 것”",http://www.munhwa.com/news/view.html?no=20220429MW164429368765,문화일보
534,2022.04.29.,"경기도, 2023년도 ‘마을 정원 조성사업’ 참여 대상지 공모…지역 정원 문화 정주환경 개선",http://www.munhwa.com/news/view.html?no=20220429MW100633899628,문화일보
535,2022.04.06.,"경기도, 캠프 그리브스 역사공원 조성사업 본격화…기부 대 양여로 소유권 이전",http://www.munhwa.com/news/view.html?no=20220406MW140420178873,문화일보
536,2022.03.28.,"경기도, ‘2022년도 전통시장 특성화 공모사업 대상지’ 13곳 선정…35억 원 투입",http://www.munhwa.com/news/view.html?no=20220328MW161926330581,문화일보
537,2022.02.25.,"경기도와 강원도,‘정책협력회의’갖고 상호 공동발전논의…협력사업 추진",http://www.munhwa.com/news/view.html?no=20220225MW141301689086,문화일보
538,2022.02.24.,국졸학력 딛고 박사학위 2개 취득… 출판회 수익금 전액 기부,http://www.munhwa.com/news/view.html?no=2022022401072842000001,문화일보
539,2022.01.28.,“정부 열독률 조사는 반쪽짜리”…언론사들 반발 목소리 커진다,http://www.munhwa.com/news/view.html?no=2022012801070830119001,문화일보
540,2022.01.25.,<사설>열독률 조사 엉터리…정부광고 기준 민간기관에 맡기라,http://www.munhwa.com/news/view.html?no=2022012501073111000003,문화일보
541,2022.01.24.,“응답자 가중치 등 조사방식 오류”…‘정부 입맛대로’ 광고집행될 우려,http://www.munhwa.com/news/view.html?no=2022012401070430119001,문화일보
542,2022.01.13.,뽀드득 뽀드득 ‘설국 속으로’… 이때만 누릴 수 있는 호사,http://www.munhwa.com/news/view.html?no=2022011301031812048001,문화일보
543,2022.01.04.,경기도 산하기관 3분의 1 기관장 공석…공백 장기화,http://www.munhwa.com/news/view.html?no=20220104MW173019710310,문화일보
